,offertimes,train_size,test_size,infeas_prop,avg_lb_dist,avg_lb_best_rev_diff,avg_lb_runtime,rum_actual_runtime
0,20,24,5,0.08,3.1739130434782608,0.09530188984998014,1.5548122468202012,88.02848269939423
1,30,20,4,0.0,1.84,0.15543280958711767,1.3666689360141755,76.52532137870789
2,40,16,3,0.0,0.86,0.11266314358409059,1.2891455809275307,70.49216235001883
3,50,12,3,0.0,0.92,0.12355494141705918,1.105593949953715,56.37481998602548
4,60,11,2,0.0,0.28,0.10067931700915977,1.0848634147644043,54.677549901008604
