,offertimes,avg_mdm_kl_loss,avg_mdm_kl_loss_se,mdm_kl_time,avg_mnl_kl_loss,avg_mnl_kl_loss_se,avg_lcmnl_kl_loss,avg_lcmnl_kl_loss_se
0,20,0.002438173678260929,0.0001949043203294778,114.76990587234496,0.009606827792277168,0.0002746385788968375,0.001195225950233985,9.769116246339333e-05
1,30,0.0019120296297683592,0.00025800405196825814,6.354211339950561,0.008232872345495714,0.00025461440308326713,0.0006643097781250819,4.155525248707991e-05
2,40,0.0011960455711475238,0.00021128747636706306,1.2140594339370727,0.006902832391555063,0.00024664981480491385,0.0005084278513769458,0.00013129529425667807
3,50,0.0005502515611031034,0.00010285412310304732,0.5280564641952514,0.005546006700229529,0.00022302966709837347,0.0004481875058998073,0.00019381183681455936
4,60,0.00042769249411623634,0.00010257826870259508,0.3793011093139648,0.004809016207520899,0.00021024238017171626,0.00025506065670939925,0.00011074841683310122
