,offertimes,total_mdm_kl_loss,total_mdm_kl_loss_se,avg_mdm_kl_loss,avg_mdm_kl_loss_se,mdm_kl_time,total_mnl_kl_loss,total_mnl_kl_loss_se,avg_mnl_kl_loss,avg_mnl_kl_loss_se,total_lcmnl_kl_loss,total_lcmnl_kl_loss_se,avg_lcmnl_kl_loss,avg_lcmnl_kl_loss_se
0,20,18.664219507087438,1.491992572122154,0.002438173678260929,0.0001949043203294778,114.76990587234496,73.54026674988171,2.1023583214552914,0.009606827792277168,0.0002746385788968375,9.149454649041155,0.7478258486572761,0.001195225950233985,9.769116246339333e-05
1,30,14.395671082525933,1.9425125072690022,0.0019120296297683592,0.00025800405196825814,6.354211339950561,61.98529588923723,1.9169918408139184,0.008232872345495714,0.00025461440308326713,5.0015883195037425,0.31286949597522457,0.0006643097781250819,4.155525248707991e-05
2,40,8.804091449216886,1.555287113537958,0.0011960455711475238,0.00021128747636706306,1.2140594339370727,50.81174923423681,1.815589286778971,0.006902832391555063,0.00024664981480491385,3.7425374139856986,0.9664646610234073,0.0005084278513769458,0.00013129529425667807
3,50,3.9563087243312838,0.7395211451109104,0.0005502515611031034,0.00010285412310304732,0.5280564641952514,39.8757881746503,1.6035833064373055,0.005546006700229529,0.00022302966709837347,3.2224681674196143,1.393507106696682,0.0004481875058998073,0.00019381183681455936
4,60,3.0289182433311543,0.7264592989517753,0.00042769249411623634,0.00010257826870259508,0.3793011093139648,34.057452781663,1.4889365363760947,0.004809016207520899,0.00021024238017171626,1.8063395708159655,0.7843202880120229,0.00025506065670939925,0.00011074841683310122
