,collection_size,mdm_mean_oss,mdm_loss_se,mdm_mean_runtime,mdm_runtime_se
0,2,0.011784519336246585,0.004921234481535869,0.14285714285714285,0.024825940165564477
1,3,0.057604606483913405,0.014496028765735063,0.14285714285714285,0.024459960053203837
2,5,0.18719732911611284,0.018592873706684117,0.14285714285714285,0.02461670523536907
3,10,0.781006547307558,0.030071856083959986,0.14285714285714285,0.023575520189202667
4,15,1.5803082842022915,0.04497714605100136,0.14285714285714285,0.02323374758795742
