,collection size,mdm mean,rum mean,mdm min,rum min,mdm max,rum max,mdm se,rum se
0,2,0.011784519336246585,0.009100324947453378,0.0,0.0,0.3556400673037022,0.35528751486177296,0.0015562309861411195,0.001457553985584361
1,3,0.057604606483913405,0.04751833290086248,0.0,0.0,0.7510192658511937,0.7496670277941986,0.004584046792704224,0.00441309085497084
2,5,0.18719736969035186,0.1370108106694161,0.0,0.0,0.7151321839339626,0.6604017906302838,0.005879586988362859,0.00557877797432031
3,10,0.7760219620296818,0.56030484511451,0.04726012389508771,0.0,1.3748980946021327,1.2279323447955228,0.009360465392600615,0.00933051946724699
4,15,1.5835307334200102,1.1690020351278672,0.5398138330851863,0.1611775919937543,2.79651672352738,2.329573962774369,0.01403807840191319,0.013479809198084175
