,offertimes,avg_mdm_kl_loss,avg_mdm_kl_loss_se,mdm_kl_time,avg_mnl_kl_loss,avg_mnl_kl_loss_se,avg_lcmnl_kl_loss,avg_lcmnl_kl_loss_se
0,20,0.00283285110845529,0.00026101351442726597,31.148317170143127,0.01943266117312973,0.000477575431359788,0.0013330424293889614,6.55494883059743e-05
1,30,0.002340304446417456,0.0003660523613107685,4.576694006919861,0.017297077103065262,0.0004876697844343507,0.000826690761995372,4.82971766565904e-05
2,40,0.0018536552563928432,0.0003923794166887404,1.5300937986373901,0.014866921163008397,0.0004494906453345951,0.0005640526302659125,5.042870100376957e-05
3,50,0.000856101523576045,0.0002301251185355691,0.7226017093658448,0.01232410842676687,0.00042825930373735266,0.00047407641557728426,0.00016807759012924173
4,60,0.0008761067677354184,0.0002539823804140992,0.5711314916610718,0.010720685819799241,0.0004208418544114024,0.0003506511277692338,0.00012293405310486098
