,offertimes,train_size,test_size,infeas_prop,avg_lb_dist,avg_ub_dist,avg_lb_best_rev_diff,avg_ub_best_rev_diff,avg_lb_runtime,avg_ub_runtime
0,20,24,5,0.06,2.9361702127659575,1.9148936170212767,0.09305449430096092,0.07090352853030078,0.25986724407114886,0.3115230164629348
1,30,20,4,0.0,1.42,0.92,0.10555906197999039,0.05830426889512992,0.14080520033836363,0.16198032855987549
2,40,16,3,0.0,0.78,0.46,0.09538739953782537,0.07095375750272286,0.06635151545206706,0.06907345612843831
3,50,12,3,0.0,0.84,0.22,0.08941353672601167,0.023435284429572354,0.030245102246602373,0.029565277099609374
4,60,11,2,0.0,0.18,0.06,0.07020854895724854,0.01126187289964116,0.020934958457946778,0.022002413272857665
