,offertimes,total_mccm_loss,total_mccm_loss_se,avg_mccm_loss,avg_mccm_loss_se,avg_mccm_limit_runtime
0,20,36.71585128577,1.0297404230142109,0.0047963228328896145,0.00013451867054398574,599.0831871032715
1,30,27.671419680505778,0.9197180820169545,0.00367531141991045,0.00012215673821449786,761.105920791626
2,40,17.98913800525333,0.9852918039823281,0.002443844315344835,0.00013385298247280643,514.4408361911774
3,50,9.646535189114479,0.8349577362216337,0.0013416599706696077,0.00011612764064278632,339.7545962333679
4,60,6.46723342633459,0.8331421996232128,0.0009131930847690751,0.00011764221965874227,466.14147305488586
