,offertimes,avg_mccm_dist,avg_mccm_best_rev_diff,avg_mccm_pred_runtime
0,20,1.9,0.07310785076797643,10.352619354248045
1,30,0.84,0.04653498741334258,10.605934303998946
2,40,0.46,0.06186378385826643,8.49687442143758
3,50,0.32,0.035252950360716975,6.834068296750387
4,60,0.12,0.03928299812919314,7.451829395294189
