,offertimes,train_size,test_size,avg_lb_dist,avg_ub_dist,avg_lb_best_rev_diff,avg_ub_best_rev_diff,avg_lb_runtime,avg_ub_runtime
0,20,24,5,3.22,2.64,0.1146130317197619,0.08912931921437763,0.18361657810211185,0.1783077192306518
1,30,20,4,2.44,1.7,0.17293137918878265,0.08035329634296934,0.10802894115447997,0.10535772800445557
2,40,16,3,1.24,0.82,0.15731413832029234,0.08405722077858872,0.0531748088200887,0.04955010414123536
3,50,12,3,0.96,0.82,0.16425376257108837,0.06224745628359948,0.026593000094095865,0.024456938107808426
4,60,11,2,0.32,0.36,0.08013361117865728,0.09261347949764855,0.0197644305229187,0.019065132141113283
