,offertimes,total_rum_loss,total_rum_loss_se,avg_rum_loss,avg_rum_loss_se,avg_rum_limit_runtime,rum_rep
0,20,29.32114997618086,0.9585105081818553,0.003830326580820491,0.00012521365227718555,5355.872400760651,0.0
1,30,22.187163800717116,0.9388038530493145,0.0029468938505401933,0.00012469170581077359,4331.737159013748,0.0
2,40,14.583898404063062,0.8571370816405892,0.001981238745287741,0.00011644302155149969,3644.840216398239,0.0
3,50,8.585695909308942,0.8201199864442591,0.0011941162599873355,0.0001140639758615103,3108.806944847107,0.0
4,60,6.064231292323075,0.7606262825608474,0.0008562879542958309,0.00010740275099701318,2863.829743385315,0.04
