,rep_proportion,mccm_kl_loss,mccm_loss_se,mccm_kl_time,mccm_kl_time_se
0,0.14,0.0003595895127638182,0.00016166454272429788,11.19532259464264,3.279518185790784
