,offertimes,collection_size,mccm_kl_loss,mccm_kl_loss_se,mccm_kl_time,mccm_kl_time_se
0,15,30,0.0003595895127638182,0.00016166454272429788,11.19532259464264,3.279518185790784
1,20,21,0.015868305464722364,0.009870653284462008,6.5188050365448,1.354615276775313
2,30,16,0.08612964098075297,0.03638595216466443,4.943656554222107,0.9184258928111128
3,40,11,0.056407554991696245,0.025283934021334293,5.226227955818176,0.9112643365407079
4,50,7,0.08220328297700796,0.024179488944636222,2.0554613637924195,0.45401797487329415
