,offertimes,collection_size,mccm_kl_loss,mccm_kl_loss_se,mccm_kl_time,mccm_kl_time_se
0,15,30,0.0003595895127638182,0.00016166454272429788,11.19532259464264,3.279518185790784
1,20,21,0.0001045428292289379,3.5925993199005724e-05,6.823224610470711,1.4296269163996682
2,30,16,4.407684773903575e-05,1.5350202446213338e-05,5.4349576885049995,1.021464327597758
3,40,11,2.7233817785763595e-05,1.549511982838876e-05,5.82460568709807,1.0021761579234312
4,50,7,4.3671245669875767e-07,3.0522052284975316e-07,2.5086338645533512,0.5782101752096267
