,offertimes,collection_size,mccm_rep
0,15,30,0.14
1,20,21,0.5957446808510638
2,30,16,0.75
3,40,11,0.8181818181818182
4,50,7,0.9473684210526315
