,offertimes,mnl_rep,mnl_rep_runtime,total_mnl_loss,total_mnl_loss_se,avg_mnl_loss,avg_mnl_loss_se,avg_mnl_limit_runtime
0,20,0.0,2.7055740356445313e-05,280.88453780296203,4.529447703061024,0.03669295072540327,0.0005916979363894218,0.26438614845275876
1,30,0.0,5.2318572998046874e-05,255.5141475355371,4.176252123832454,0.03393732866722501,0.0005546888197413275,0.24022512912750243
2,40,0.0,6.358623504638672e-05,224.50899703894487,3.7097339259525484,0.030499795821076602,0.0005039714612080625,0.24897972106933594
3,50,0.0,0.00010213851928710937,190.17113590934977,3.621665732987709,0.02644939303328926,0.000503708725033061,0.28856822967529294
4,60,0.0,0.00017619609832763671,166.52483495229586,3.38109942599804,0.0235138145936594,0.0004774215512564304,0.3164945077896118
