,offertimes,total_mnl_kl_loss,total_mnl_kl_loss_se,avg_mnl_kl_loss,avg_mnl_kl_loss_se
0,20,148.7570212803081,3.655839927059177,0.019432661173129733,0.000477575431359788
1,30,130.22969350897836,3.6716658070062262,0.017297077103065262,0.0004876697844343507
2,40,109.43540668090478,3.308700640307954,0.014866921163008395,0.0004494906453345951
3,50,88.61033958845378,3.0791843938715657,0.01232410842676687,0.0004282593037373527
4,60,75.92389697581821,2.980402012941552,0.010720685819799241,0.0004208418544114024
