,offertimes,avg_mccm_dist,avg_mccm_best_rev_diff,avg_mccm_pred_runtime
0,20,2.44,0.09682724406350532,11.50960733985901
1,30,1.74,0.13926934427346546,11.773679430484771
2,40,0.5,0.0634962732276332,14.585218482017517
3,50,0.5,0.08067687984461362,9.46975863456726
4,60,0.18,0.050550557387159085,13.922096107006073
