,collection_size,mdm_mean_oss,mdm_loss_se,mdm_mean_runtime,mdm_runtime_se
0,2,0.011783938694722884,0.0049210927878735045,0.0020093584060668947,0.0003849762068221465
1,3,0.05760277492720875,0.014495764129490916,0.0032518863677978515,0.0005437391627740227
2,5,0.18718944356791345,0.018592496203042774,0.006901421546936035,0.0003916477872530135
3,10,0.7941529354428828,0.029719830848253963,0.13370636463165284,0.00752820176524379
4,15,1.5875538157634081,0.04431948348766755,2.0415974140167235,0.2097440713165461
