,collection_size,mdm_mean_oss,mdm_loss_se,mdm_mean_runtime,mdm_runtime_se
0,2,0.011783938694722884,0.0049210927878735045,0.0014072823524475097,8.599350614326371e-05
1,3,0.05760277492720875,0.014495764129490916,0.002412276268005371,0.00011733531992501438
2,5,0.18711110987457746,0.01859737800472923,0.006790065765380859,0.00035466432573815236
3,10,0.7910856669080699,0.029922957020009543,0.14534783124923706,0.00917845183077316
4,15,1.5839936365323881,0.04397912297710788,2.8858468747138977,0.3891911447214657
