,collection_size,mnl_mean_oss,mnl_loss_se,mnl_mean_runtime,mnl_runtime_se
0,2,0.025551576765766824,0.008150273132167957,0.022792410850524903,0.00037196232593620434
1,3,0.13534370594345396,0.019855244328794885,0.025837602615356444,8.30582979851902e-05
2,5,0.4990971863587697,0.028390855764469397,0.034435462951660153,0.00013461444731058866
3,10,1.6802910061161078,0.03711771081375096,0.06963666677474975,0.0023916730045136407
4,15,2.8867146205778997,0.05771037135164159,0.09347298860549927,0.0024494102204911518
