,collection_size,rum_mean_oss,rum_loss_se,rum_mean_runtime,rum_runtime_se
0,2,0.009100324947453378,0.00460919040710281,0.007595691680908203,7.104058375081513e-05
1,3,0.04751833290086248,0.01395541862296766,0.00844008445739746,6.080736937593e-05
2,5,0.1370108106694161,0.017641644959232518,0.014398791790008546,0.0001173110214114262
3,10,0.56030484511451,0.029505693269041323,0.021346235275268556,0.00012758696052917942
4,15,1.1690020351278674,0.04262689949043382,0.026434764862060547,0.0002895590537035404
