,offertimes,train_size,test_size,avg_lb_dist,avg_ub_dist,avg_lb_best_rev_diff,avg_ub_best_rev_diff,avg_lb_runtime,avg_ub_runtime
0,20,24,5,2.48,2.62,0.057630065953432966,0.08478268619861636,0.0012626333236694337,0.0011874818801879882
1,30,20,4,2.12,1.78,0.11545720082799604,0.08760922232823966,0.0012259340286254882,0.0011915254592895508
2,40,16,3,1.12,1.04,0.10215368209510282,0.11552740906237358,0.0012057813008626301,0.0011361058553059895
3,50,12,3,0.82,1.0,0.08632145814780172,0.11715449546186406,0.0010248915354410808,0.0009228483835856119
4,60,11,2,0.36,0.4,0.10360156075622663,0.1010399259944399,0.0009672188758850098,0.0010113310813903808
