,offertimes,mccm_rep
0,20,0.62
1,30,0.8723404255319149
2,40,0.8541666666666666
3,50,1.0
4,60,0.9545454545454546
