,offertimes,collection_size,mccm_kl_loss,mccm_kl_loss_se,mccm_kl_time,mccm_kl_time_se
0,20,29,7.940756067952303e-06,4.662178191121355e-06,18.090636401176454,3.307426092952496
1,30,24,0.2748091770074112,0.2509696487796811,8.00803557395935,1.0315727393139444
2,40,19,0.29730427162125134,0.2573385468933413,11.397062401771546,1.6681126568247293
3,50,15,0.795183203738569,0.445114658048153,6.326053519248962,0.7648408576380142
4,60,13,1.3448220089499534,0.5698553945277294,4.709182476997375,0.9773348463892231
