,offertimes,mccm_kl_loss,mccm_kl_loss_se,mccm_kl_time,mccm_kl_time_se
0,20,7.940756067952303e-06,4.662178191121355e-06,18.090636401176454,3.307426092952496
1,30,1.4053316872357827e-05,1.340108452657901e-05,8.321808571511127,1.0757746534189834
2,40,2.2784445206971058e-06,1.3022234763453557e-06,11.846002101898193,1.7064748897417725
3,50,5.157876489980201e-12,6.101342919128888e-12,6.793673956647832,0.7645268040725606
4,60,1.5164188422153469e-06,1.090521328425399e-06,5.440152043646032,1.0631880090762817
