,offertimes,train_size,test_size,avg_lb_dist,avg_lb_best_rev_diff,avg_lb_runtime,rum_actual_runtime
0,20,24,5,3.16,0.11145046375354829,3.097602376937866,152.81477849006652
1,30,20,4,2.44,0.1632164598153132,2.46128368973732,128.55070894479752
2,40,16,3,1.34,0.1720621452259137,2.225715117454529,126.69543507417043
3,50,12,3,1.0,0.15497427807706168,1.2074429178237915,54.950282781918844
4,60,11,2,0.34,0.08900979737304061,1.136671006679535,52.12130187511444
