,offertimes,total_rum_loss,total_rum_loss_se,avg_rum_loss,avg_rum_loss_se,avg_rum_limit_runtime,rum_rep
0,20,36.50750824473603,1.3106362008626307,0.004769106237065451,0.00017121308959668592,5395.049990653992,0.0
1,30,28.101990700339933,1.2296361496525514,0.0037324997609695753,0.00016331998268728272,5301.423036336899,0.0
2,40,20.28740328108852,1.1272703252796603,0.002756066197675386,0.0001531409217877544,3703.92578625679,0.0
3,50,13.606598149252282,0.9098357226839257,0.0018924336786164508,0.00012654182512989232,3395.352659702301,0.0
4,60,10.907307242247718,0.8707277129952424,0.0015401450497384522,0.00012294940878215794,3191.300611257553,0.0
