,offertimes,total_rum_kl_loss,total_rum_kl_loss_se,avg_rum_kl_loss,avg_rum_kl_loss_se
0,20,28.279343354388033,1.394173560441454,0.0036942316596195995,0.0001821258733431031
1,30,21.12811813588116,1.4082798035851893,0.0028062316557153884,0.00018704739056782968
2,40,15.380584252549127,1.2445048293459628,0.0020894693998844078,0.00016906735896562463
3,50,10.03931009705215,1.080540063154442,0.0013962879133591305,0.0001502837361828153
4,60,7.84555686841119,0.9975666970523112,0.001107816558657327,0.0001408594601881264
