,offertimes,train_size,test_size,mdm_ci_lb_rev_reg,mdm_ci_ub_rev_reg,mdm_etp_rev_reg,mdm_ci_l1_rev_reg,rum_ci_rev_reg,rum_etp_rev_reg,mnl_rev_reg,mccm_rev_reg,lcmnl_rev_reg
0,20,24,5,0.12929167991151985,0.11435013817353015,0.057630065953432966,0.16441507743644646,0.1164141925718368,0.5301364760233163,0.07277864836905701,0.05340044869942575,0.05955250089410514
1,30,20,4,0.19568201092721893,0.0721328136230013,0.11545720082799606,0.2291949077715968,0.18596709155374944,0.4586471216832593,0.14700673582001922,0.0848509987131075,0.0724259665868156
2,40,16,3,0.15911758530884387,0.08075997912996791,0.10215368209510282,0.2540699369399409,0.16318595903153035,0.3771378141260959,0.17567940919299668,0.1157359094467774,0.12736510933366668
3,50,12,3,0.16845222683570735,0.08192886017899681,0.08632145814780172,0.2747778067245562,0.15671100634683627,0.3828707367625159,0.1571763980174616,0.055611836871374234,0.06872316454028818
4,60,11,2,0.09035774747619092,0.09261347949764856,0.10360156075622663,0.21116195073331004,0.10545460691934733,0.33272040481910525,0.1342182219433804,0.08485125533047429,0.09616646242817728
