,offertimes,mdm_ci_lb,mdm_ci_ub,mdm_etp_lb,mdm_etp_ub,mdm_l1_ci,rum_ci,rum_etp,mnl,mccm,lcmnl
0,20,0.21947209389806255,0.21653637107885593,0.19024195120950582,0.21145212224047313,0.25362965126341197,0.22840315234251915,0.22840315234251915,0.26229754097208,0.18812761626087754,0.1961428051191274
1,30,0.20901674574062237,0.15972476326481125,0.22385709727413156,0.18393477104669467,0.20661074512231936,0.21059914529741092,0.21059914529741092,0.17563598720080117,0.18761663039293716,0.18581711438939094
2,40,0.14369411957348846,0.12000000000000001,0.11879393923934001,0.11648175822848829,0.15286595435217087,0.1508376610797184,0.1508376610797184,0.1470782104868019,0.11665333257134147,0.1125699782357623
3,50,0.1311182672246701,0.12445079348883235,0.11896217886370443,0.1296148139681572,0.13508515832614626,0.136850283156448,0.136850283156448,0.13389548162652837,0.1131370849898476,0.11801694793545543
4,60,0.06699253689777689,0.06788225099390856,0.06788225099390856,0.06928203230275509,0.07071067811865475,0.06864400920692205,0.06864400920692205,0.06928203230275509,0.06596969000988256,0.06788225099390856
