,offertimes,mdm_ci_lb,mdm_ci_ub,mdm_etp_lb,mdm_etp_ub,mdm_l1_ci,rum_ci,rum_etp,mnl,mccm,lcmnl
0,20,0.028706682805476866,0.028761922039362543,0.017994719265403074,0.024436992423468234,0.03370878623974165,0.026979466940673852,0.026979466940673852,0.025537123395896907,0.018344424666350462,0.018978780158386818
1,30,0.03563207110655935,0.02100874834101117,0.027887361218413804,0.02211100398315148,0.039959486737600546,0.035347116404327535,0.035347116404327535,0.031474112720227126,0.023461035148721898,0.022044617197791525
2,40,0.0329991660850369,0.023074701992882755,0.026711826868495027,0.029332141673165335,0.04089516246170127,0.0336983159302342,0.0336983159302342,0.032308045752097066,0.026937449044064997,0.03014736526223453
3,50,0.03329783566653458,0.024505964908736504,0.026757706586031042,0.02881862742520943,0.040730542534347706,0.033551242402043005,0.033551242402043005,0.03396212023948555,0.019729291356247305,0.02196329295286425
4,60,0.023099657851374075,0.021707892755590978,0.025000063913056633,0.02207230907961821,0.03898601364087626,0.024330117509889896,0.024330117509889896,0.03000402658992136,0.02440950986535758,0.023529786651975717
