,offertimes,total_mccm_loss,total_mccm_loss_se,avg_mccm_loss,avg_mccm_loss_se,avg_mccm_limit_runtime
0,20,44.98517262650573,1.290387129580058,0.005876573824494543,0.00016856788106859024,968.4496324062347
1,30,35.114520200387204,1.235329608093023,0.004663902271269386,0.00016407618649130334,1065.4493582248688
2,40,24.157684909506624,1.1234255697666167,0.0032818482420196473,0.00015261860749444595,579.547785282135
3,50,15.648804193210994,0.9536029247581359,0.002176467898916689,0.00013262905768541528,542.1396152973175
4,60,11.666423299202975,0.8981411557468784,0.0016473345522737893,0.00012682027050930222,416.3552315235138
