,offertimes,collection_size,total_mdm_kl_loss,total_mdm_kl_loss_se,avg_mdm_kl_loss,avg_mdm_kl_loss_se,mdm_kl_time,mdm_kl_time_se
0,15,30,0.002150276900890731,0.0005296138459396946,1.4402390494905325e-06,3.5473131007267695e-07,0.3534099292755127,0.04150902715888094
1,20,21,0.0003478260555402812,0.00034072216525190895,2.5918484019005207e-07,2.5389133029180265e-07,0.03332089900970459,0.01590439821190247
2,30,16,8.5797958670355e-05,5.4546049437900574e-05,7.055753179940894e-08,4.4856948550700204e-08,0.03334120273590088,0.015939092795711277
3,40,11,4.594062466821924e-05,4.5478836541863925e-05,4.3836473919700584e-08,4.3395836394418974e-08,0.013587656021118165,0.009321682335468033
4,50,7,0.0,0.0,0.0,0.0,0.00010374069213867188,4.655013388400325e-06
