,offertimes,collection_size,mdm_kl_loss,mdm_kl_loss_se,mdm_kl_time,mdm_kl_time_se
0,15,30,1.4696316831536047e-06,3.6075094922425467e-07,0.3606190486830108,0.04172542885405432
1,20,21,2.879831557667245e-07,2.817746360255353e-07,0.03698410987854004,0.017586973784135967
2,30,16,7.055753179940894e-08,4.4856948550700204e-08,0.03334120273590088,0.015939092795711277
3,40,11,4.3836473919700584e-08,4.3395836394418974e-08,0.013587656021118165,0.009321682335468033
4,50,7,0.0,0.0,0.00010374069213867188,4.655013388400325e-06
