,offertimes,collection_size,mdm_1norm_loss,mdm_1norm_loss_se,mdm_1norm_time,mdm_1norm_time_se
0,15,30,0.049976186200000224,0.008681794533403508,0.06733064651489258,0.00830155780435946
1,20,21,0.01041600000000006,0.008928759537584187,0.004183392524719238,0.0019358861291673885
2,30,16,0.010698000000000039,0.005890346332771992,0.0018105506896972656,0.0007806457818024218
3,40,11,0.004640000000000028,0.00459336565058784,0.0004038381576538086,0.00021138840366677607
4,50,7,0.0,0.0,0.00010374069213867188,4.655013388400325e-06
