,offertimes,collection_size,mdm_rep,mdm_rep_time,mdm_rep_time_se,mdm_rep_approx
0,15,30,0.4,0.0003798913955688477,3.329627230482515e-05,0.72
1,20,21,0.92,0.00028217792510986327,4.334720083291075e-05,0.98
2,30,16,0.92,0.00021093368530273438,1.2549491681675908e-05,0.96
3,40,11,0.96,0.00013823509216308593,7.278843859630107e-06,0.98
4,50,7,1.0,0.00010374069213867188,4.655013388400325e-06,1.0
