,offertimes,collection_size,mdm_rep
0,15,30,0.7142857142857143
1,20,21,0.9777777777777777
2,30,16,0.96
3,40,11,0.98
4,50,7,1.0
