,offertimes,avg_mdm_loss,avg_mdm_loss_se,mdm_runtime,avg_rum_loss,avg_rum_loss_se,rum_runtime,avg_mem_loss,avg_mem_loss_se,mem_runtime,avg_mnl_loss,avg_mnl_loss_se,mnl_runtime,avg_mccm_loss,avg_mccm_loss_se,mccm_runtime,avg_lcmnl_loss,avg_lcmnl_loss_se,lcmnl_runtime
0,20,0.0045838681956339436,0.00013452687079926196,97.73074289321899,0.0038303265808204904,0.00012521365227718557,5355.8724007606515,0.012488483347657607,0.0003658546494235344,18.40800809860229,0.03085341932811288,0.0004965327878665777,0.2584825325012207,0.0047963228328896145,0.00013451867054398574,599.0831871032715,0.0071575211566958456,0.00033135701932927343,2114.4409229755397
1,30,0.0036150056176147438,0.00012937208748598145,5.358291940689087,0.002946893850540193,0.0001246917058107736,4331.737159013748,0.0108476627768917,0.00037733224993187714,15.822887659072876,0.0284415472018809,0.0005089693098421171,0.24672237873077396,0.00367531141991045,0.00012215673821449786,761.105920791626,0.005421245354330352,0.00019487962823015083,2241.1954095363612
2,40,0.002508607795225441,0.00011822236455229607,0.8367005825042725,0.001981238745287741,0.00011644302155149968,3644.840216398239,0.008759720467869799,0.0003645768577076455,16.12948441505432,0.025237464689342404,0.0004938069312948621,0.2379266452789307,0.002443844315344835,0.00013385298247280646,514.4408361911774,0.004307246355276025,0.0005281531908943384,2646.293190002441
3,50,0.0016537344819822811,0.00012418854907318225,0.20167475700378415,0.0011941162599873355,0.0001140639758615103,3108.806944847107,0.0067569569120439505,0.0003331232712116181,16.318681240081787,0.02163709262169603,0.00048209509317417794,0.2353233575820923,0.0013416599706696074,0.00011612764064278633,339.75459623336786,0.003322935449023263,0.0007628633208790563,2481.704640865326
4,60,0.0012012566480758481,0.00011662401323189292,0.06889123439788819,0.0008562879542958309,0.00010740275099701318,2863.829743385315,0.005506022051924749,0.00032657593193229084,22.46443200111389,0.01913523859281192,0.0004399739475049137,0.23778568267822264,0.0009131930847690752,0.00011764221965874228,466.1414730548858,0.0022878228724909004,0.0004980258636884073,1892.70533657074
