,offertimes,total_mdm_loss,total_mdm_loss_se,mdm_runtime,total_rum_loss,total_rum_loss_se,rum_runtime,total_mem_loss,total_mem_loss_se,mem_runtime,total_mnl_loss,total_mnl_loss_se,mnl_runtime,total_mccm_loss,total_mccm_loss_se,mccm_runtime,total_lcmnl_loss,total_lcmnl_loss_se,lcmnl_runtime
0,20,35.089511037577836,1.0298031959683502,97.73074289321899,29.32114997618086,0.9585105081818552,5355.8724007606515,95.59934002631898,2.800617341337156,18.40800809860229,236.1829249567041,3.8009584911186534,0.2584825325012207,36.71585128577,1.0297404230142109,599.0831871032715,54.790824454506684,2.536537982965588,2114.4409229755397
1,30,27.21737729502141,0.9740424466819544,5.358291940689087,22.18716380071712,0.9388038530493144,4331.737159013748,81.67205304721763,2.8409345097371026,15.822887659072876,214.13640888296132,3.8320299338012997,0.24672237873077396,27.67141968050577,0.9197180820169544,761.105920791626,40.816556272753225,1.4672487209448055,2241.1954095363612
2,40,18.46586198065447,0.8702348254694512,0.8367005825042725,14.583898404063063,0.8571370816405892,3644.840216398239,64.48030236398961,2.683650249585978,16.12948441505432,185.77297757824942,3.63491282126148,0.2379266452789307,17.98913800525333,0.985291803982328,514.4408361911774,31.70564042118683,3.8877356381732238,2646.293190002441
3,50,11.8903509254526,0.8929156678361806,0.20167475700378415,8.585695909308942,0.8201199864442591,3108.806944847107,48.582520197596004,2.3951563200115342,16.318681240081787,155.57069594999447,3.46626371992234,0.2353233575820923,9.64653518911448,0.8349577362216337,339.75459623336786,23.891905878477264,5.484987277120416,2481.704640865326
4,60,8.507299581673156,0.8259312617082656,0.06889123439788819,6.0642312923230755,0.7606262825608474,2863.829743385315,38.993648171731074,2.312810749944484,22.46443200111389,135.515759714294,3.1158954962297982,0.23778568267822264,6.46723342633459,0.8331421996232128,466.1414730548858,16.202361582980558,3.5270191666413004,1892.70533657074
