,offertimes,train_size,test_size,mdm_feas_prop,mdm_ci_lb_dist,mdm_etp_dist,rum_feas_prop,rum_ci_dist,mem_dist,mnl_dist,mccm_dist,lcmnl_dist
0,20,24,5,0.06,2.936170212765957,1.96,0.06,3.0638297872340425,1.72,2.56,1.9,1.72
1,30,20,4,0.0,1.42,1.0,0.0,1.52,0.88,1.22,0.84,1.02
2,40,16,3,0.0,0.78,0.6,0.0,0.8,0.34,0.64,0.46,0.48
3,50,12,3,0.0,0.84,0.62,0.0,0.86,0.26,0.68,0.32,0.6
4,60,11,2,0.0,0.18,0.16,0.0,0.18,0.06,0.2,0.12,0.14
