,offertimes,train_size,test_size,avg_lb_dist,avg_ub_dist,avg_lb_best_rev_diff,avg_ub_best_rev_diff,avg_lb_runtime,avg_ub_runtime
0,20,24,5,2.54,2.24,0.11186953613463033,0.1072331216860567,0.0012331151962280272,0.001153280258178711
1,30,20,4,1.4,1.06,0.11859413375807573,0.08596646067987342,0.000951380729675293,0.0008782255649566651
2,40,16,3,0.78,0.48,0.08005894889313865,0.036934635080052056,0.0008136320114135742,0.0007312059402465819
3,50,12,3,0.78,0.44,0.10315530553916574,0.05274700138627776,0.000659333864847819,0.0006127150853474935
4,60,11,2,0.2,0.14,0.07718122196494398,0.026959337671932197,0.0006292915344238281,0.000563058853149414
