,offertimes,total_mem_loss,total_mem_loss_se,avg_mem_loss,avg_mem_loss_se,avg_mem_limit_runtime
0,20,95.59934002631898,2.8006173413371553,0.012488483347657607,0.00036585464942353436,18.408008098602295
1,30,81.67205304721762,2.8409345097371026,0.010847662776891701,0.0003773322499318771,15.822887659072876
2,40,64.4803023639896,2.6836502495859786,0.008759720467869799,0.0003645768577076455,16.12948441505432
3,50,48.58252019759601,2.3951563200115342,0.006756956912043951,0.0003331232712116181,16.318681240081787
4,60,38.993648171731074,2.312810749944484,0.005506022051924749,0.00032657593193229084,22.46443200111389
