,offertimes,total_lcmnl_kl_loss,total_lcmnl_kl_loss_se,avg_lcmnl_kl_loss,avg_lcmnl_kl_loss_se
0,20,9.149454649041155,0.7478258486572761,0.001195225950233985,9.769116246339333e-05
1,30,5.0015883195037425,0.31286949597522457,0.0006643097781250819,4.155525248707991e-05
2,40,3.7425374139856986,0.9664646610234073,0.0005084278513769458,0.00013129529425667807
3,50,3.2224681674196143,1.393507106696682,0.0004481875058998073,0.00019381183681455936
4,60,1.8063395708159655,0.7843202880120229,0.00025506065670939925,0.00011074841683310122
