,offertimes,total_lcmnl_loss,total_lcmnl_loss_se,avg_lcmnl_loss,avg_lcmnl_loss_se,avg_lcmnl_limit_runtime
0,20,54.79082445450669,2.5365379829655876,0.007157521156695845,0.00033135701932927343,2114.44092297554
1,30,40.816556272753225,1.4672487209448057,0.005421245354330352,0.00019487962823015083,2241.1954095363617
2,40,31.705640421186832,3.887735638173224,0.004307246355276026,0.0005281531908943384,2646.2931900024414
3,50,23.89190587847726,5.484987277120416,0.003322935449023263,0.0007628633208790564,2481.704640865326
4,60,16.202361582980558,3.5270191666413004,0.0022878228724909004,0.0004980258636884073,1892.7053365707397
