,offertimes,train_size,test_size,avg_lb_dist,avg_ub_dist,avg_lb_best_rev_diff,avg_ub_best_rev_diff,avg_lb_runtime,avg_ub_runtime
0,20,24,5,1.96,1.78,0.09211579486968241,0.07326817847533333,0.0014814395904541014,0.0014187412261962892
1,30,20,4,1.0,0.9,0.040104158225281704,0.0369252608035218,0.0011080384254455566,0.0010309791564941406
2,40,16,3,0.6,0.38,0.07946428200902877,0.05029747458118923,0.0010046243667602539,0.0009206326802571616
3,50,12,3,0.62,0.3,0.07972419803570228,0.015214257899322731,0.0007753833134969076,0.0007169151306152345
4,60,11,2,0.16,0.08,0.050682117455477245,0.015761970183222864,0.000758202075958252,0.0006940579414367676
