,offertimes,collection_size,lcmnl5_kl_loss,lcmnl5_kl_loss_se,lcmnl5_kl_time,lcmnl5_kl_time_se
0,15,30,5.143346805465132e-05,1.969243217110664e-05,29.66539535522461,0.22878898777098292
1,20,21,9.076901733726662e-05,1.6829282833470292e-05,24.278243732452392,0.2243923045097816
2,30,16,9.04913111847816e-05,1.9598022667050892e-05,22.88560465812683,0.16074923407241326
3,40,11,5.5259461856973504e-05,1.0412015609942571e-05,23.019030084609984,0.2288789739689528
4,50,7,1.6902530307906226e-05,4.926691861223387e-06,21.68701904296875,0.08189982674880884
