,offertimes,avg_mccm_dist,avg_mccm_best_rev_diff,avg_mccm_pred_runtime
0,20,2.56,0.05340044869942575,9.621488661766053
1,30,1.82,0.10364264912985473,13.576081569194793
2,40,1.14,0.12541598072317983,15.285949708620707
3,50,0.68,0.04957300636747025,16.46508524258931
4,60,0.38,0.09649280423358438,11.66018177509308
