,offertimes,collection_size,lcmnl_kl_loss,lcmnl_kl_loss_se,lcmnl_kl_time,lcmnl_kl_time_se
0,15,30,2.6431562448259173e-06,1.922530602875462e-06,129.23665001392365,10.076765749627302
1,20,21,5.0063197969124265e-06,4.952441315218806e-06,65.51080992881288,2.5755286073601353
2,30,16,1.8037312597363186e-05,1.0492861926256165e-05,57.61285787582398,2.600633496126205
3,40,11,4.069253612016821e-05,1.826813065560243e-05,52.80949374198914,1.4764903899007094
4,50,7,9.122143940534788e-06,5.72493506723185e-06,50.01502954006195,2.308430065836001
