,offertimes,collection_size,mdm_kl_loss,mdm_kl_loss_se,mdm_kl_time,mdm_kl_time_se
0,20,29,5.580489236318764e-05,1.7610303031008685e-05,0.968716721534729,0.04349707413888622
1,30,24,3.821629140544613e-05,2.5823159385983703e-05,0.7335928430159887,0.027524095609757982
2,40,19,1.695126520061957e-05,9.201463315384333e-06,0.4638695965210597,0.03413888590945271
3,50,15,8.652293285221089e-06,6.047204625479928e-06,0.23249437371078802,0.033223967733870055
4,60,13,7.31957930581244e-06,4.973989016154147e-06,0.17463553783505462,0.03029266745942603
