,offertimes,collection_size,total_mdm_kl_loss,total_mdm_kl_loss_se,avg_mdm_kl_loss,avg_mdm_kl_loss_se,mdm_kl_time,mdm_kl_time_se
0,20,29,0.42718645104019287,0.13480686970237896,5.580489236318764e-05,1.7610303031008685e-05,0.968716721534729,0.04349707413888622
1,30,24,0.27682856644370984,0.18679849864893047,3.676830474747483e-05,2.4810532427803436e-05,0.7404041910171508,0.026959068874596273
2,40,19,0.17118414038267019,0.08113235710741369,2.325555500375498e-05,1.1021920541694448e-05,0.459254150390625,0.03437007014446145
3,50,15,0.06167102046559421,0.04261315361147875,8.577332470873223e-06,5.926725119815809e-06,0.23624752044677735,0.032770789916146535
4,60,13,0.044580044153644846,0.03040078711511728,6.294838202998698e-06,4.292683862624724e-06,0.15020770072937012,0.02742265458782409
