,offertimes,collection_size,mdm_rep
0,20,29,0.26
1,30,24,0.4375
2,40,19,0.5625
3,50,15,0.7346938775510204
4,60,13,0.8372093023255814
