,Unnamed: 0,offertimes,collection_size,mdm_rep,mdm_rep_time,mdm_rep_time_se,mdm_rep_approx
0,0,20,29,0.06,0.0006263113021850586,0.0002656761677145296,0.26
1,1,30,24,0.04,0.0004166316986083984,1.547787889985812e-05,0.42
2,2,40,19,0.2,0.0003472518920898437,1.439174210028797e-05,0.56
3,3,50,15,0.48,0.0002353048324584961,1.5152658100176984e-05,0.72
4,4,60,13,0.62,0.00018455982208251956,1.0325074354829557e-05,0.86
