,offertimes,collection_size,mdm_1norm_loss,mdm_1norm_loss_se,mdm_1norm_time,mdm_1norm_time_se
0,20,29,0.5815752446000022,0.1208398166419907,0.33101978778839114,0.028880936918868085
1,30,24,0.3926693234390083,0.0784710448490695,0.14477012157440186,0.00775324626401937
2,40,19,0.20061328699999997,0.04766925880121083,0.06625609397888184,0.0069466810358426645
3,50,15,0.16834926399999997,0.052643183086255735,0.016434125900268555,0.0026619788551369206
4,60,13,0.13123040280000003,0.06626748134546723,0.007760934829711914,0.0015748161980084384
