,offertimes,avg_mdm_loss,avg_mdm_loss_se,mdm_runtime,avg_rum_loss,avg_rum_loss_se,rum_runtime,avg_mem_loss,avg_mem_loss_se,mem_runtime,avg_mnl_loss,avg_mnl_loss_se,mnl_runtime,avg_mccm_loss,avg_mccm_loss_se,mccm_runtime,avg_lcmnl_loss,avg_lcmnl_loss_se,lcmnl_runtime
0,20,0.0053237628662495965,0.00016429801027037304,25.662054991722112,0.004769106237065451,0.00017121308959668592,5395.049990653992,0.0209829452964926,0.0004832760731000006,17.22226095199585,0.03669295072540327,0.0005916979363894218,0.2643861484527588,0.005876573824494543,0.00016856788106859024,968.4496324062347,0.008848306548854783,0.0003022372079680687,2061.637942314148
1,30,0.004261144488454743,0.00016119830174806334,3.6270358848571775,0.003732499760969575,0.00016331998268728272,5301.423036336899,0.019029685394349197,0.0005011207733318032,15.762196779251099,0.033937328667225014,0.0005546888197413276,0.24022512912750246,0.004663902271269386,0.00016407618649130334,1065.4493582248688,0.007314259580751285,0.0002757843209421293,2024.7461831569672
2,40,0.003187343350738597,0.00015953813734501446,0.8020100927352906,0.0027560661976753858,0.0001531409217877544,3703.9257862567897,0.016107660710623632,0.0004700861245828377,16.703084230422974,0.0304997958210766,0.0005039714612080625,0.24897972106933594,0.0032818482420196478,0.00015261860749444598,579.547785282135,0.005732134713056204,0.00029607363319060183,2145.7363965511317
3,50,0.0022112137452164602,0.0001365852388685646,0.1890400791168213,0.0018924336786164508,0.00012654182512989232,3395.352659702301,0.01303386673703028,0.00045052050209536083,17.82258915901184,0.02644939303328926,0.000503708725033061,0.2885682296752929,0.002176467898916689,0.00013262905768541528,542.1396152973175,0.004598543974889965,0.0004968311307304534,2032.442390203476
4,60,0.0018303750060974329,0.0001289046454103381,0.08907761096954346,0.0015401450497384524,0.00012294940878215794,3191.300611257553,0.0110578278173022,0.0004326502282908357,19.899486780166626,0.0235138145936594,0.0004774215512564304,0.3164945077896118,0.0016473345522737893,0.00012682027050930222,416.3552315235138,0.003724565486752089,0.00044560006465772014,1663.4104368686676
