,offertimes,total_mdm_loss,total_mdm_loss_se,mdm_runtime,total_rum_loss,total_rum_loss_se,rum_runtime,total_mem_loss,total_mem_loss_se,mem_runtime,total_mnl_loss,total_mnl_loss_se,mnl_runtime,total_mccm_loss,total_mccm_loss_se,mccm_runtime,total_lcmnl_loss,total_lcmnl_loss_se,lcmnl_runtime
0,20,40.753404741140656,1.2577012686197055,25.662054991722112,36.50750824473603,1.3106362008626309,5395.049990653992,160.62444624465084,3.6994783395805038,17.22226095199585,280.88453780296203,4.529447703061023,0.2643861484527588,44.98517262650573,1.290387129580058,968.4496324062347,67.73378663148337,2.3136258269955663,2061.637942314148
1,30,32.082156853575746,1.213662013861169,3.6270358848571775,28.10199070033993,1.2296361496525514,5301.423036336899,143.2745013340551,3.772938302415145,15.762196779251099,255.51414753553712,4.1762521238324535,0.24022512912750246,35.114520200387204,1.235329608093023,1065.4493582248688,55.06906038347642,2.0763801523732908,2024.7461831569672
2,40,23.46203440478681,1.1743602289966513,0.8020100927352906,20.28740328108852,1.1272703252796603,3703.9257862567897,118.56849049090052,3.4603039630542685,16.703084230422974,224.5089970389449,3.709733925952549,0.24897972106933594,24.157684909506624,1.123425569766617,579.547785282135,42.194243622806724,2.1793980139160203,2145.7363965511317
3,50,15.898626828106346,0.9820478674649794,0.1890400791168213,13.606598149252283,0.9098357226839257,3395.352659702301,93.71350183924773,3.2392424100656445,17.82258915901184,190.17113590934974,3.621665732987709,0.2885682296752929,15.648804193210996,0.953602924758136,542.1396152973175,33.06353117945885,3.5722158299519595,2032.442390203476
4,60,12.96271579318202,0.9129026987960148,0.08907761096954346,10.907307242247718,0.8707277129952424,3191.300611257553,78.31153660213417,3.0640289167556984,19.899486780166626,166.52483495229586,3.38109942599804,0.3164945077896118,11.666423299202973,0.8981411557468784,416.3552315235138,26.377372777178287,3.1557396579059733,1663.4104368686676
