,collection size,apu interval mean,apu interval se,mdm interval mean,mdm interval se,improvement
0,2,0.7685176977975142,0.08099012813619476,1.0719131936239965,0.1069612487434102,0.2830411059693578
1,3,0.7820594932722856,0.07905889457043615,1.2943366420458793,0.1250552968141921,0.3957835482149901
2,5,0.510699689779739,0.0476211910691648,1.1261655936521913,0.11363062007568117,0.5465145688534814
3,10,0.253932984408704,0.026912561829920034,0.7468755688929771,0.08276655891580187,0.6600063049523969
4,15,0.13458397623620455,0.014745929464913782,0.43507690320596915,0.06071533733067147,0.6906662356827263
