,offertimes,collection_size,lcmnl2_kl_loss,lcmnl2_kl_loss_se,lcmnl2_kl_time,lcmnl2_kl_time_se
0,15,30,0.0002871593350120438,2.0592037933742368e-05,24.724824438095094,0.21661973651343921
1,20,21,0.00015838450359785262,1.3346864367330526e-05,26.847442288398742,0.5441744600702013
2,30,16,0.00011285623350605789,1.854105101239565e-05,29.837159204483033,2.50068367447795
3,40,11,6.554646503441397e-05,1.4153215576293837e-05,25.19054091453552,0.2795575092174743
4,50,7,2.6937218823070984e-05,1.0778167828921529e-05,24.49752282142639,0.25398939991484637
