,offertimes,collection_size,lcmnl2_kl_loss,lcmnl2_kl_loss_se,lcmnl2_kl_time,lcmnl2_kl_time_se
0,15,30,0.0002821209287129571,2.038657529095086e-05,24.70627428560841,0.22024484749903492
1,20,21,0.00015545227824636458,1.4106715898712897e-05,26.66960898505317,0.574359848042921
2,30,16,0.00011285623350605789,1.854105101239565e-05,29.837159204483033,2.50068367447795
3,40,11,6.554646503441397e-05,1.4153215576293837e-05,25.19054091453552,0.2795575092174743
4,50,7,2.6937218823070984e-05,1.0778167828921529e-05,24.49752282142639,0.25398939991484637
