,offertimes,collection_size,lcmnl2_kl_loss,lcmnl2_kl_loss_se,lcmnl2_kl_time,lcmnl2_kl_time_se
0,20,29,0.0002814032167103009,3.887286509347829e-05,18.64308828830719,0.0857148259291299
1,30,24,0.0002954490240635832,2.9751991112975216e-05,17.699009914398193,0.04047922250947111
2,40,19,0.0002951411852394026,3.733850900446849e-05,17.619814257621766,0.05919798369265184
3,50,15,0.0002335364644286697,2.7272161043576355e-05,17.485066885948182,0.047195443634421796
4,60,13,0.0001973378400974335,2.9776772914571e-05,17.46858512878418,0.04852561427813314
