,offertimes,lcmnl2_kl_loss,lcmnl2_kl_loss_se,lcmnl2_kl_time,lcmnl2_kl_time_se
0,20,0.0002814032167103009,3.8872865093478295e-05,18.64308828830719,0.08571482592912992
1,30,0.00027809699010041726,2.774177962390179e-05,17.698087829224608,0.04294732535189654
2,40,0.0003027079765850413,3.847632403330006e-05,17.60047056277593,0.059950889178633185
3,50,0.00023962680492005837,2.8614467697974398e-05,17.480019554178764,0.04862633650531263
4,60,0.00018720480964921777,2.9997814000396734e-05,17.483536037531767,0.05405346483099228
