,offertimes,train_size,test_size,avg_lb_dist,avg_ub_dist,avg_lb_best_rev_diff,avg_ub_best_rev_diff,avg_lb_runtime,avg_ub_runtime
0,20,24,5,1.68,1.54,0.06689881907448886,0.0536297099236509,0.001508344650268555,0.0014507904052734374
1,30,20,4,0.84,0.76,0.041263611341879204,0.04587335153228552,0.0010571134090423583,0.0009631693363189697
2,40,16,3,0.52,0.58,0.06336680885934688,0.07781350729164607,0.001010907491048177,0.000977608362833659
3,50,12,3,0.5,0.42,0.06892108018385099,0.03260511539149638,0.0008265225092569987,0.0007895104090372721
4,60,11,2,0.16,0.14,0.028605039947736416,0.02176874319870767,0.0007837247848510742,0.0007130599021911621
