,offertimes,collection_size,lcmnl_kl_loss,lcmnl_kl_loss_se,lcmnl_kl_time,lcmnl_kl_time_se
0,15,30,0.00010255116119092023,2.8576743462431076e-05,60.07006871700287,1.1009558979310474
1,20,21,0.00010788947881484656,1.6739989913447377e-05,48.62875954627991,0.46484087222100073
2,30,16,0.00014636468795192092,2.5404884543185794e-05,56.7985338640213,0.5166521843392791
3,40,11,6.780911985323712e-05,1.1528745787320951e-05,53.272349553108214,0.5100913915079248
4,50,7,1.3341470770089625e-05,3.7074467539410993e-06,54.356178889274595,0.8271494354597807
