,offertimes,collection_size,lcmnl_rep
0,15,30,0.7346938775510204
1,20,21,0.4222222222222222
2,30,16,0.22
3,40,11,0.22
4,50,7,0.4
