,offertimes,mdm_rep,mdm_rep_runtime,total_mdm_loss,total_mdm_loss_se,avg_mdm_loss,avg_mdm_loss_se,avg_mdm_limit_runtime
0,20,0.0,0.0004456043243408203,33.31940728127928,1.1335343899497554,0.004352633217672016,0.00014807764728278974,73.10153932571411
1,30,0.0,0.00046663284301757814,26.379924465964773,1.0779733711517547,0.0035037753308493525,0.00014317616830279652,8.767791013717652
2,40,0.0,0.0004541015625,18.116887301174724,0.9243275763168607,0.002461199198638055,0.00012557092464568137,0.9716903543472291
3,50,0.0,0.000290069580078125,10.950831641721573,0.700006436379746,0.0015230642060808863,9.735833607506899e-05,0.1980159091949463
4,60,0.0,0.0002705955505371094,8.104921400705491,0.616055020360006,0.0011444396216754435,8.698884783394608e-05,0.08465969085693359
