,offertimes,total_mccm_loss,total_mccm_loss_se,avg_mccm_loss,avg_mccm_loss_se,avg_mccm_limit_runtime
0,20,2044.1936068577859,1979.0065593098313,0.26704031441643183,0.2585246974931198,968.3357436656952
1,30,35.114520200387204,1.235329608093023,0.004663902271269386,0.00016407618649130334,1016.4864168167114
2,40,4023.04590800229,2770.616233511055,0.5465352408643241,0.3763912829114324,507.11070823669434
3,50,15.648804193210994,0.9536029247581359,0.002176467898916689,0.00013262905768541528,544.1304585933685
4,60,88.71991634380036,46.25079812480399,0.012527522782236707,0.006530753759503529,444.49320554733276
