,offertimes,avg_lcmnl_dist,avg_lcmnl_best_rev_diff,avg_lcmnl_pred_runtime
0,20,2.68,0.06339576462669458,37.68338713169098
1,30,1.6,0.08119753542218922,39.38448806285858
2,40,0.84,0.08348360872201784,38.71964282989502
3,50,0.76,0.08316537495107854,35.688645529747006
4,60,0.4,0.11819964383723285,36.631367168426515
