,offertimes,total_mem_kl_loss,total_mem_kl_loss_se,avg_mem_kl_loss,avg_mem_kl_loss_se
0,20,42.942942361215295,1.503889230889013,0.005609789988401737,0.0001964584233689109
1,30,35.01124485231697,1.5043012855179363,0.004650185263954971,0.00019980094109681712
2,40,26.476379230191696,1.299837246074211,0.0035968454327118186,0.0001765843290414633
3,50,19.18920527887387,1.2096284647287767,0.0026688741695234867,0.00016823761679120677
4,60,15.250159861821983,1.0707842220071102,0.002153369085261506,0.00015119799802416128
