,offertimes,total_mem_loss,total_mem_loss_se,avg_mem_loss,avg_mem_loss_se,avg_mem_limit_runtime
0,20,160.62444624465084,3.699478339580504,0.020982945296492597,0.0004832760731000006,17.22226095199585
1,30,143.2745013340551,3.7729383024151453,0.019029685394349193,0.0005011207733318032,15.762196779251099
2,40,118.56849049090053,3.460303963054268,0.01610766071062363,0.0004700861245828377,16.703084230422974
3,50,93.71350183924771,3.2392424100656445,0.01303386673703028,0.00045052050209536083,17.82258915901184
4,60,78.31153660213417,3.064028916755698,0.011057827817302199,0.00043265022829083564,19.899486780166626
