,offertimes,total_lcmnl_kl_loss,total_lcmnl_kl_loss_se,avg_lcmnl_kl_loss,avg_lcmnl_kl_loss_se
0,20,10.2044397969725,0.5017813329822334,0.0013330424293889614,6.554948830597431e-05
1,30,6.224154747063157,0.36362944304746914,0.000826690761995372,4.82971766565904e-05
2,40,4.151991411387383,0.37120566808874783,0.0005640526302659125,5.042870100376957e-05
3,50,3.4086094280006747,1.2084778730292483,0.0004740764155772843,0.00016807759012924173
4,60,2.483311286861714,0.8706189640886254,0.0003506511277692338,0.00012293405310486098
