,offertimes,mdm_ci_lb,mdm_ci_ub,mdm_etp_lb,mdm_etp_ub,mdm_l1_ci,rum_ci,rum_etp,mem,mnl,mccm,lcmnl
0,20,0.23544001359157282,0.21681328372588243,0.19024195120950582,0.21145212224047313,0.25362965126341197,0.23893095236908923,0.23893095236908923,0.19831288409984862,0.26868568997994663,0.19831288409984862,0.20676556773312135
1,30,0.22119674500317582,0.170293863659264,0.22385709727413156,0.18393477104669467,0.20661074512231936,0.2247843410916339,0.2247843410916339,0.1910183237283795,0.20248456731316586,0.16417064292984904,0.1549193338482967
2,40,0.1457669372663088,0.1189621788637044,0.11879393923934001,0.11648175822848829,0.15286595435217087,0.15128780519261956,0.15128780519261956,0.10677078252031312,0.14074089668607342,0.12652272523147767,0.09943842315724842
3,50,0.1263645519914505,0.11555085460523433,0.11896217886370443,0.1296148139681572,0.13508515832614626,0.1296148139681572,0.1296148139681572,0.1067707825203131,0.13389548162652837,0.10369185117452574,0.12185236969382252
4,60,0.06596969000988256,0.06788225099390856,0.06788225099390856,0.06928203230275509,0.07071067811865475,0.06699253689777689,0.06699253689777689,0.0648074069840786,0.06928203230275509,0.06864400920692205,0.06928203230275509
