,offertimes,total_mnl_kl_loss,total_mnl_kl_loss_se,avg_mnl_kl_loss,avg_mnl_kl_loss_se
0,20,73.54026674988171,2.1023583214552914,0.009606827792277168,0.0002746385788968375
1,30,61.98529588923723,1.9169918408139184,0.008232872345495714,0.00025461440308326713
2,40,50.81174923423681,1.815589286778971,0.006902832391555063,0.00024664981480491385
3,50,39.8757881746503,1.6035833064373055,0.005546006700229529,0.00022302966709837347
4,60,34.057452781663,1.4889365363760947,0.004809016207520899,0.00021024238017171626
