,offertimes,avg_lcmnl_dist,avg_lcmnl_best_rev_diff,avg_lcmnl_pred_runtime
0,20,1.72,0.054729712872536786,36.71728393077851
1,30,1.02,0.05469701038139451,37.67480495452881
2,40,0.48,0.061706297628818275,40.19094117641449
3,50,0.6,0.07312082580062844,34.93702671527863
4,60,0.14,0.04863142723612663,36.20840041160584
