,offertimes,collection_size,mnl_kl_loss,mnl_kl_loss_se,mnl_kl_time,mnl_kl_time_se
0,15,30,0.0006843425289811468,5.7799981976224205e-05,0.2355198033001958,0.004250985431705216
1,20,21,0.0003910053681751026,5.0347500874631475e-05,0.2239478005303277,0.001299797574935379
2,30,16,0.00030931240975114573,5.5807909545275836e-05,0.22955914974212646,0.0018026680378026292
3,40,11,0.00017078945777151633,2.8275499589559595e-05,0.23747074127197265,0.002604012781530498
4,50,7,6.339645584743536e-05,1.499250694505605e-05,0.24604829788208007,0.0034424727680743825
