,offertimes,collection_size,mnl_kl_loss,mnl_kl_loss_se,mnl_kl_time,mnl_kl_time_se
0,15,30,0.0006922071526325446,5.717653359582857e-05,0.23533636569976807,0.004169921674562855
1,20,21,0.0003950883638074165,4.910068640768758e-05,0.22388428688049317,0.001172167671222606
2,30,16,0.00030931240975114573,5.5807909545275836e-05,0.22955914974212646,0.0018026680378026292
3,40,11,0.00017078945777151633,2.8275499589559595e-05,0.23747074127197265,0.002604012781530498
4,50,7,6.339645584743536e-05,1.499250694505605e-05,0.24604829788208007,0.0034424727680743825
