,offertimes,collection_size,mnl_rep,mnl_rep_time,mnl_rep_time_se
0,15,30,0.0,0.0037208127975463866,0.0002827642518223046
1,20,21,0.0,0.0025801753997802736,6.269056332469441e-05
2,30,16,0.0,0.002323451042175293,7.33664740881099e-05
3,40,11,0.0,0.0023204755783081056,9.004427836474328e-05
4,50,7,0.0,0.0019006776809692384,5.752362425554658e-05
