,offertimes,collection_size,lcmnl_kl_loss,lcmnl_kl_loss_se,lcmnl_kl_time,lcmnl_kl_time_se
0,20,29,5.257272644836885e-06,2.6325902233524705e-06,95.04257486820221,11.26172869094616
1,30,24,7.714091850326057e-07,2.6941519871666424e-07,76.4864667604367,5.076549675864335
2,40,19,2.2759137654343453e-07,1.6212220730026782e-07,65.32329751551151,4.473028777230262
3,50,15,1.560027800266564e-06,1.472374031096525e-06,48.24387942528238,2.7557635139426764
4,60,13,1.6477935280410497e-06,1.6261320888623078e-06,42.05844730000163,2.1674252249008132
