,offertimes,collection_size,lcmnl_rep
0,20,29,0.72
1,30,24,0.75
2,40,19,0.9791666666666666
3,50,15,0.9591836734693877
4,60,13,0.9767441860465116
