,offertimes,collection_size,lcmnl_kl_loss,lcmnl_kl_loss_se,lcmnl_kl_time,lcmnl_kl_time_se
0,20,29,5.257272644836885e-06,2.6325902233524705e-06,95.04257486820221,11.26172869094616
1,30,24,7.410177047711963e-07,2.5949446408213106e-07,75.8349932718277,4.938368122470247
2,40,19,2.1848919977252023e-07,1.557650245970377e-07,64.73373239040374,4.315879196332375
3,50,15,1.5288273319688518e-06,1.4432570907160198e-06,48.061004858016965,2.7067092901177903
4,60,13,1.4171170799409661e-06,1.4008089905899618e-06,41.627681345939635,1.9857644517070172
