,offertimes,collection_size,mccm_rep
0,15,30,0.9387755102040817
1,20,21,0.9777777777777777
2,30,16,0.972972972972973
3,40,11,1.0
4,50,7,0.9655172413793104
