,offertimes,collection_size,mccm_kl_loss,mccm_kl_loss_se,mccm_kl_time,mccm_kl_time_se
0,15,30,3.650867484631914e-07,2.3571037277781178e-07,11.043300190750433,2.2815161488971025
1,20,21,3.2398532380856834e-07,3.203652838784208e-07,4.205472209718493,0.40636779067042256
2,30,16,8.437542300279035e-08,8.29115938912872e-08,6.748015100891526,1.6071446771731004
3,40,11,2.939060989162136e-09,2.086546279885512e-09,3.323295145499997,0.7792616219384418
4,50,7,2.058666929169163e-06,2.0041105134297366e-06,2.449635439905627,0.6615647227522222
