,offertimes,collection_size,mccm_kl_loss,mccm_kl_loss_se,mccm_kl_time,mccm_kl_time_se
0,15,30,3.978560420815031,2.2270462345873705,10.622580642700195,2.263648795751924
1,20,21,4.4466215006492575,2.480641712838533,3.8533944940567015,0.4057770042786707
2,30,16,16.359083970493316,4.613423879806983,4.542202892303467,1.2650922571350252
3,40,11,11.404905512537187,4.355529883030755,2.6354145765304566,0.6731256941940928
4,50,7,11.421870480098484,4.807624644493075,1.4931724309921264,0.41968670121744517
