,offertimes,avg_mnl_dist,avg_mnl_best_rev_diff,avg_mnl_pred_runtime
0,20,2.56,0.0796995313872951,0.25253835105895994
1,30,1.22,0.0818382710308187,0.248655241727829
2,40,0.64,0.09413649927454484,0.25180967966715495
3,50,0.68,0.09452873104369595,0.2442680835723877
4,60,0.2,0.07110756666133634,0.23360810279846192
