,offertimes,total_mdm_kl_loss,total_mdm_kl_loss_se,avg_mdm_kl_loss,avg_mdm_kl_loss_se,mdm_kl_time
0,20,18.664219507087438,1.491992572122154,0.002438173678260929,0.0001949043203294778,114.76990587234496
1,30,14.395671082525933,1.9425125072690022,0.0019120296297683592,0.00025800405196825814,6.354211339950561
2,40,8.804091449216886,1.555287113537958,0.0011960455711475238,0.00021128747636706306,1.2140594339370727
3,50,3.9563087243312838,0.7395211451109104,0.0005502515611031034,0.00010285412310304732,0.5280564641952514
4,60,3.0289182433311543,0.7264592989517753,0.00042769249411623634,0.00010257826870259508,0.3793011093139648
