,offertimes,avg_mnl_dist,avg_mnl_best_rev_diff,avg_mnl_pred_runtime
0,20,3.44,0.15005458873906038,0.22920312499999998
1,30,2.16,0.2106903158601694,0.22902409434318544
2,40,0.82,0.12733955555942955,0.22787136713663736
3,50,0.9,0.14648298702636073,0.24255905946095788
4,60,0.26,0.08741138717912378,0.2591888165473938
