,offertimes,mdm_percent,mdm_se,mnl_percent,mnl_se,lcmnl_percent,lcmnl_se
0,20,0.9798824091171933,0.0019087195998975556,0.8633661843826238,0.00339315545367135,0.9906207447668359,0.00044971100178215547
1,30,0.9830339179395651,0.0025377581835835804,0.8739573594959542,0.0034092642448040455,0.994072877291227,0.000311229530803831
2,40,0.9860818980447331,0.0028679326192509688,0.8869923225384189,0.0031452965924000757,0.9958521680724505,0.0003164780738375299
3,50,0.9935501773815872,0.001576761066772349,0.9019909852357082,0.0030632375730789063,0.9959740032098675,0.0016512919388922615
4,60,0.9927734446727935,0.0021334321905489193,0.9123012093806474,0.0030232192363883774,0.9971430685367848,0.0010456431062923358
