,offertimes,mdm_rep,mdm_rep_runtime,total_mdm_loss,total_mdm_loss_se,avg_mdm_loss,avg_mdm_loss_se,avg_mdm_limit_runtime
0,20,0.0,0.0003509998321533203,40.753404741140656,1.2577012686197055,0.005323762866249596,0.00016429801027037304,25.66205499172211
1,30,0.0,0.00043474674224853516,32.08215685357575,1.213662013861169,0.0042611444884547425,0.00016119830174806334,3.6270358848571775
2,40,0.0,0.0004096364974975586,23.46203440478681,1.1743602289966513,0.0031873433507385966,0.00015953813734501446,0.8020100927352906
3,50,0.0,0.00028219223022460935,15.898626828106346,0.9820478674649794,0.00221121374521646,0.0001365852388685646,0.1890400791168213
4,60,0.0,0.0002492666244506836,12.96271579318202,0.9129026987960147,0.001830375006097433,0.00012890464541033813,0.08907761096954346
