,offertimes,total_mdm_kl_loss,total_mdm_kl_loss_se,avg_mdm_kl_loss,avg_mdm_kl_loss_se,mdm_kl_time
0,20,21.685475235225294,1.998058452940722,0.00283285110845529,0.00026101351442726597,31.148317170143127
1,30,17.620152177077053,2.7560082283087812,0.002340304446417456,0.0003660523613107685,4.576694006919861
2,40,13.6447563423078,2.888304886245814,0.0018536552563928432,0.0003923794166887404,1.5300937986373901
3,50,6.155369954511753,1.6545996022707348,0.000856101523576045,0.0002301251185355691,0.7226017093658448
4,60,6.204588129102185,1.7987032180926505,0.0008761067677354184,0.0002539823804140992,0.5711314916610718
