,offertimes,avg_mdm_rep,avg_mdm_rep_runtime,avg_mdm_limit_loss,avg_mdm_limit_runtime
0,20,0.0,0.00042726993560791013,42.60583403383467,42.678430786132814
1,30,0.0,0.0004956197738647461,33.34621524290838,3.3366457653045654
2,40,0.0,0.0004927492141723632,22.873388475048532,0.7340790128707886
3,50,0.0,0.0003007841110229492,14.26262385510794,0.15740798473358153
4,60,0.0,0.00026700496673583987,10.534250369726356,0.06017592430114746
