,offertimes,collection_size,mnl_rep,mnl_rep_time,mnl_rep_time_se
0,15,30,0.0,0.0036174488067626954,0.0003099995946771521
1,20,21,0.0,0.002838940620422363,6.670597934469627e-05
2,30,16,0.0,0.002540783882141113,7.441471152059435e-05
3,40,11,0.0,0.0024175071716308594,9.364540633165214e-05
4,50,7,0.0,0.0019231271743774415,4.561681991882762e-05
