,offertimes,collection_size,mnl_kl_loss,mnl_kl_loss_se,mnl_kl_time,mnl_kl_time_se
0,15,30,0.010668122422530317,0.0010248274101869574,0.2302130126953125,0.0029010736974070936
1,20,21,0.006887453913566049,0.000800849665547442,0.22930033683776854,0.0013767213550928688
2,30,16,0.006006238972672778,0.0008096950081031227,0.26509117603302,0.004564345102014223
3,40,11,0.004344705092910854,0.0007738625858846434,0.23904232025146485,0.002973718947414474
4,50,7,0.001658748085227622,0.0004936789412856381,0.2275519037246704,0.001445877312937826
