,offertime,mdm,rum,mnl,mccm,lcmnl
0,20,2.7234042553191484,3.7978723404255317,3.4361702127659575,2.659574468085107,2.382978723404255
1,30,2.91,3.4800000000000004,3.1900000000000004,2.51,2.91
2,40,2.97,3.43,3.0500000000000007,2.76,2.7900000000000005
3,50,3.0100000000000002,3.43,3.12,2.49,2.9499999999999997
4,60,3.0,3.0500000000000003,3.1,2.8999999999999995,2.95
