,offertime,mdm,rum,mnl,mccm,lcmnl
0,20,3.0425531914893615,3.1170212765957444,3.074468085106383,3.0212765957446805,2.74468085106383
1,30,2.8200000000000003,3.1700000000000004,3.12,2.9200000000000004,2.9700000000000006
2,40,2.9099999999999997,3.14,3.12,2.94,2.8900000000000006
3,50,3.09,3.16,3.13,2.63,2.99
4,60,3.0,3.0500000000000003,3.1,2.8999999999999995,2.95
