,assortment size,avg_min_max,avg_min_true,avg_max_true_interval
0,20,0.09267209539602425,0.05778044228779361,0.03489165310823065
1,40,0.062388658802426944,0.02920085928369611,0.03318779951873083
2,80,0.012274704275205528,0.006789034201278066,0.005485670073927462
