,assortment size,mean accuracy,std
0,40,0.7509917304153272,0.3671043220357726
1,60,0.8175158691668071,0.34381492769967964
2,80,0.8751089522290727,0.29020780184836
3,100,0.9048235787295067,0.2581977116892904
