,offertimes,total_indep_kl_loss,total_indep_kl_loss_se,avg_indep_kl_loss,avg_indep_kl_loss_se
0,20,1141.277210651509,31.64438780663933,0.14908911961482807,0.004133819439142956
1,30,1093.1822306278884,30.743754159754896,0.14519620542275047,0.004083378159085522
2,40,1038.1323289949175,30.119180481819644,0.14103142630008392,0.004091724016005929
3,50,982.3347594606594,29.107310473671482,0.13662514039786638,0.004048304655587132
4,60,948.711155571057,28.41437688356273,0.13396090872226166,0.004012196679407333
