,offertime,mdm,rum,mnl,mccm,lcmnl
0,20,2.65,3.14,3.7,2.72,2.79
1,30,3.0,3.4800000000000004,3.36,2.81,2.35
2,40,2.9300000000000006,3.28,3.34,3.0,2.45
3,50,3.0200000000000005,3.2500000000000004,3.1600000000000006,2.7100000000000004,2.8600000000000003
4,60,2.96,2.9099999999999997,3.06,3.0100000000000002,3.0600000000000005
