,offertime,mdm,rum,mnl,mccm,lcmnl
0,20,2.8699999999999997,3.15,3.1,2.8899999999999997,2.99
1,30,3.0,3.12,3.2,2.91,2.7700000000000005
2,40,2.76,3.24,3.4400000000000004,2.91,2.6500000000000004
3,50,2.9200000000000004,3.1399999999999997,3.2700000000000005,2.6900000000000004,2.9800000000000004
4,60,2.96,2.9099999999999997,3.06,3.0100000000000002,3.0600000000000005
