,offertimes,collection_size,lcmnl2_kl_loss,lcmnl2_kl_loss_se,lcmnl2_kl_time,lcmnl2_kl_time_se
0,20,29,0.0015558353227109456,0.00022416489858056088,19.463634667396544,0.17645023944956795
1,30,24,0.0006177579206423315,0.00010512087560838884,18.727741941809654,0.10646623922199952
2,40,19,0.0007433155411023969,0.00016466931896626341,19.874720200896263,0.3811131507019432
3,50,15,0.00039438193204192044,7.924927621013567e-05,30.331906839292877,0.8249689724139447
4,60,13,0.00028988169033643295,5.240819211352705e-05,36.93091028235679,0.45604063403441303
