,offertimes,collection_size,lcmnl2_kl_loss,lcmnl2_kl_loss_se,lcmnl2_kl_time,lcmnl2_kl_time_se
0,20,29,0.0015558353227109456,0.00022416489858056088,19.463634667396544,0.17645023944956795
1,30,24,0.0006009311404277046,0.00010159687942539784,18.74046094417572,0.10261028112512974
2,40,19,0.0007709051353835461,0.0001617558475061163,19.814957761764525,0.36821252541744387
3,50,15,0.0004185063239616374,8.125323752033066e-05,30.37159668445587,0.8094237832451864
4,60,13,0.00025775777016481984,4.659167457598077e-05,36.800769419670104,0.4023423263448683
