,offertimes,collection_size,lcmnl2_rep
0,20,29,0.0
1,30,24,0.0
2,40,19,0.020833333333333332
3,50,15,0.0
4,60,13,0.023255813953488372
