,offertimes,indep_loss,avg_indep_loss,indep_limit_runtime
0,20,4117.0,0.5378184193337687,0.001920938491821289
1,30,4020.333333333334,0.5339797228494267,0.001474142074584961
2,40,3890.3333333333344,0.5285060906579724,0.001332998275756836
3,50,3742.333333333334,0.5204914232730645,0.0008952617645263672
4,60,3654.333333333334,0.5160030123317331,0.0005331039428710938
5,75,3607.0000000000005,0.5141838916607271,0.0005688667297363281
6,100,3575.0000000000005,0.515352457834799,0.0006992816925048828
