,Unnamed: 0,mdm_kl,mdm_time,lcmnl_kl,lcmnl_time,mnl_kl,mnl_time,mccm_kl,mccm_time
0,0,0.002365561927539339,17.193889141082767,0.0017645945291884235,75.66732001304626,0.009854966092315398,0.22811102867126465,0.0021707600354735623,9.547443866729736
1,1,0.002214622699787005,6.611323833465575,0.0016068951251895225,80.47334980964659,0.00884420019422949,0.2364721298217773,0.0020185870482127832,14.299083948135376
2,2,0.0021379140023223275,2.0786511898040767,0.0015018007893065064,94.03155303001404,0.008114824766398465,0.2593050003051758,0.001788195792129632,4.52039909362793
3,3,0.0014255202676115575,0.9362821578979492,0.0011587761139059127,67.06711316108704,0.006026789098924734,0.2520101070404053,0.0010484785357522952,20.350670099258423
4,4,0.0012301082046082268,0.6637389659881592,0.000931140030462574,71.97435998916627,0.005081682801176379,0.23677897453308105,0.0009355272608123633,5.96577525138855
5,5,0.0009438850108706154,0.5345120429992676,0.0009370535535415668,80.52029991149901,0.005065066290942165,0.2378678321838379,0.0009445424157706883,19.97396683692932
6,6,0.0009544922840073466,0.484947919845581,0.0009475831938637881,68.13097810745239,0.004945883815758778,0.4784619808197022,0.0009481186340487557,12.060790061950684
