,offertimes,lcmnl_loss,avg_lcmnl_loss,lcmnl_limit_runtime
0,20,101.2961493749643,0.013232677906592332,75.66732001304626
1,30,82.87728809065274,0.011007741810420075,80.4733498096466
2,40,85.9059997408115,0.011670425178754449,94.03155303001404
3,50,66.43212028770141,0.009239516034450822,67.06711316108704
4,60,55.98112767251194,0.007904705969007617,71.97435998916626
5,75,55.966978325115065,0.007978186503936573,80.52029991149902
6,100,55.97959578291686,0.008069712524566362,68.13097810745239
