,offertimes,collection_size,mccm_kl_value,mccm_kl_loss,mccm_kl_time
0,20,29,0.5860522923910926,0.0021707600354735623,9.547443866729736
1,30,24,0.5828462924981497,0.0020185870482127832,14.299083948135376
2,40,19,0.5787614461375692,0.001788195792129632,4.52039909362793
3,50,15,0.5772491616314297,0.0010484785357522952,20.350670099258423
4,60,13,0.5748353442681103,0.0009355272608123633,5.96577525138855
5,75,12,0.5731589588509984,0.0009445424157706883,19.97396683692932
6,100,11,0.572777516783896,0.0009481186340487557,12.060790061950684
