,offertimes,mccm_loss,mccm_limit_runtime
0,20,218.29474039803304,30.1300950050354
1,30,197.53670087674007,17.21867609024048
2,40,166.09407171195954,7.526283025741577
3,50,83.97285285126334,2.118375301361084
4,60,68.13677906497716,1.742771863937378
5,75,57.89474856288252,1.729043960571289
6,100,50.39194207637842,2.0492799282073975
