,offertimes,mdm_loss,avg_mdm_loss,mdm_limit_runtime
0,20,61.539667354098555,0.008039146617125872,17.28341507911682
1,30,55.56751457368425,0.007380464148450558,6.143238067626953
2,40,49.851185985908884,0.0067723388107470295,1.2437419891357422
3,50,37.0145953489372,0.005148066112508651,0.41870999336242676
4,60,31.294444969913982,0.004418871077367125,0.16710686683654785
5,75,30.078566637127146,0.004287750055185623,0.1846461296081543
6,100,30.07856663712713,0.004335961746738811,0.19429397583007812
