,mem_loss,avg_mem_loss,mem_limit_runtime
0,133.92081244912936,0.01749455420628731,0.30799078941345215
1,125.37178632160116,0.016651851018940254,0.34786510467529297
2,116.19557840836055,0.015785297976954292,0.36253809928894043
3,93.71084346727449,0.013033497005184212,0.30542683601379395
4,80.10867085699553,0.011311588655322724,0.2951688766479492
5,75.56440314453825,0.010771832237282715,0.3062927722930908
6,74.84381270425183,0.010789074917724064,0.5202949047088623
