,mnl_loss,avg_mnl_loss,mnl_limit_runtime
0,258.7344873386077,0.033799410494919364,0.22811102867126465
1,239.65208090505715,0.03183053272746143,0.23647212982177734
2,214.2251705968598,0.0291027266128053,0.2593050003051758
3,172.00714634660875,0.02392310797588439,0.2520101070404053
4,142.6487306687985,0.020142435847048643,0.23677897453308105
5,141.80505870454337,0.02021454863927917,0.2378678321838379
6,134.51851345611257,0.01939145357591359,0.47846198081970215
