,offertimes,rum_loss,avg_rum_loss,rum_limit_runtime,rum_solver_runtime
0,20,56.72417047365816,0.0074100810546908116,126.97308206558228,3.6032941341400146
1,30,51.58548384097283,0.006851571767960264,107.64148926734924,2.6151318550109863
2,40,47.35865397282681,0.006433725577071975,88.86132621765137,2.08488392829895
3,50,34.168606620422004,0.004752240141922393,74.89317798614502,2.001351833343506
4,60,29.65017361178846,0.004186694946595377,64.53465700149536,1.5652899742126465
5,75,29.499937604869096,0.00420526551744392,62.55282497406006,1.3419649600982666
6,100,29.49993760486904,0.0042525497484314605,56.29683995246887,1.4679951667785645
