,offertimes,collection_size,lcmnl_kl_loss,lcmnl_kl_loss_se,lcmnl_kl_time,lcmnl_kl_time_se
0,20,29,0.00020468472356793388,4.38762634724373e-05,49.90098893165588,1.1771815619288368
1,30,24,0.000223043876096225,3.083250380524194e-05,40.29810736179352,0.5870579951601512
2,40,19,0.00023686736368931925,4.0861399870608096e-05,36.0301079082489,0.42227777939782474
3,50,15,0.0001582279646719309,2.6179010553859122e-05,34.30557590961456,0.3025354338402589
4,60,13,0.00012461534349352376,2.7536208998473982e-05,34.67654913425446,0.30070796598264676
