,offertimes,lcmnl_kl_loss,lcmnl_kl_loss_se,lcmnl_kl_time,lcmnl_kl_time_se
0,20,0.00020468472356793388,4.38762634724373e-05,49.90098893165588,1.1771815619288366
1,30,0.00020107023694364615,2.791491898038037e-05,40.522753243750714,0.6098309140374281
2,40,0.00023457524483818057,4.165335538300924e-05,36.0251441548268,0.4317867366063218
3,50,0.00016067866606634431,2.7543418361280342e-05,34.28348762938317,0.31085959587479484
4,60,0.000104956804564407,2.5993063378417918e-05,34.705873077565975,0.32530928393401415
