,offertimes,lcmnl_rep
0,20,0.42
1,30,0.3191489361702128
2,40,0.3125
3,50,0.3617021276595745
4,60,0.5
