,offertimes,total_indep_kl_loss,total_indep_kl_loss_se,avg_indep_kl_loss,avg_indep_kl_loss_se
0,20,1103.5534720407488,27.082538317175036,0.14416113285966672,0.0035378887416296586
1,30,1045.7415256580164,26.55997376209734,0.13889514220454463,0.0035276894357945724
2,40,978.8862686852702,25.548456640317127,0.1329827834105787,0.003470786121493972
3,50,912.6594150040577,24.75326459117964,0.1269345500701054,0.0034427349918191436
4,60,871.8677746057874,24.344688790044454,0.12311038895873866,0.0034375443081113323
