,offertimes,avg_mem_dist,avg_mem_best_rev_diff,avg_mem_pred_runtime
0,20,1.72,0.07330586466542813,0.4485514307022094
1,30,0.88,0.04717800293785758,0.46033751010894775
2,40,0.34,0.037203441560618805,0.4346217854817709
3,50,0.26,0.008151657484645207,0.445485364596049
4,60,0.06,0.02455124287362823,0.43140908718109133
