,offertimes,collection_size,lcmnl2_kl_loss,lcmnl2_kl_loss_se,lcmnl2_kl_time,lcmnl2_kl_time_se
0,15,30,0.0021574787617480756,0.00025759731432628243,23.675037221908568,0.23307638226813576
1,20,21,0.0011640470625670818,0.00018252234091989012,22.385128622055053,0.058906507100106566
2,30,16,0.0004808581853869709,7.911345180313948e-05,22.354163856506347,0.06915114478239186
3,40,11,0.00017146172338956405,6.562577433264302e-05,23.270441002845764,0.22935031976005193
4,50,7,1.2972829645446771e-05,8.668789202364935e-06,22.41563277244568,0.2181698598046913
