,avg_mdm_loss,mdm_time,avg_rum_loss,rum_runtime,avg_mem_loss,mem_time,avg_mnl_loss,mnl_time,avg_mccm_loss,mccm_runtime,avg_lcmnl_loss,lcmnl_runtime,avg_indep_loss,indep_runtime
0,0.008040196936777967,16.72681212425232,0.007411049186524451,126.97308206558228,0.017496839880994167,0.3079907894134521,0.033803826409538495,0.22811102867126465,0.02852034758270617,30.1300950050354,0.013234406764432232,75.66732001304626,0.5378184193337687,0.001920938491821289
1,0.007380464148450559,6.037369966506957,0.006851571767960264,107.64148926734924,0.016651851018940254,0.34786510467529297,0.03183053272746143,0.2364721298217773,0.026236777908983943,17.218676090240482,0.011007741810420073,80.47334980964659,0.5339797228494267,0.001474142074584961
2,0.006772338810747029,1.6444730758666992,0.006433725577071976,88.86132621765137,0.015785297976954295,0.3625380992889404,0.0291027266128053,0.2593050003051758,0.022564063539187548,7.526283025741577,0.011670425178754449,94.03155303001404,0.5285060906579724,0.001332998275756836
3,0.005148066112508651,0.5880801677703857,0.004752240141922393,74.89317798614502,0.01303349700518421,0.30542683601379395,0.023923107975884383,0.2520101070404053,0.011679117225488643,2.118375301361084,0.009239516034450822,67.06711316108704,0.5204914232730645,0.0008952617645263672
4,0.004418871077367125,0.2295019626617432,0.004186694946595377,64.53465700149536,0.011311588655322724,0.2951688766479492,0.020142435847048643,0.23677897453308105,0.00962112102018881,1.7427718639373782,0.007904705969007617,71.97435998916627,0.5160030123317331,0.0005331039428710939
5,0.004287750055185623,0.22766900062561035,0.004205265517443919,62.55282497406006,0.010771832237282715,0.3062927722930908,0.02021454863927917,0.2378678321838379,0.008252993380311121,1.729043960571289,0.007978186503936573,80.52029991149901,0.5141838916607271,0.0005688667297363281
6,0.004335961746738811,0.18477892875671387,0.0042525497484314605,56.296839952468865,0.010789074917724063,0.5202949047088623,0.019391453575913587,0.4784619808197022,0.007264226910246276,2.049279928207397,0.008069712524566362,68.13097810745239,0.515352457834799,0.0006992816925048827
