,offertimes,mdm_kl,mdm_time,lcmnl_kl,lcmnl_time,mnl_kl,mnl_time,indep_kl_loss
0,20,0.002365561927539339,17.193889141082764,0.0017645945291884235,75.66732001304626,0.009854966092315398,0.22811102867126465,0.18114384736876554
1,30,0.0022146226997870055,6.611323833465575,0.0016068951251895225,80.47334980964659,0.00884420019422949,0.2364721298217773,0.17780567134583325
2,40,0.0021379140023223275,2.078651189804077,0.0015018007893065066,94.03155303001404,0.008114824766398465,0.2593050003051758,0.17390079250187884
3,50,0.0014255202676115575,0.9362821578979492,0.0011587761139059127,67.06711316108704,0.006026789098924734,0.2520101070404053,0.16640308992753106
4,60,0.0012301082046082268,0.6637389659881592,0.0009311400304625739,71.97435998916627,0.005081682801176379,0.23677897453308105,0.16327485128706964
5,75,0.0009438850108706154,0.5345120429992676,0.0009370535535415669,80.52029991149901,0.005065066290942166,0.2378678321838379,0.1615081748006877
6,100,0.0009544922840073466,0.48494791984558105,0.000947583193863788,68.13097810745239,0.004945883815758778,0.4784619808197022,0.16234942517958517
