,offertimes,mdm_loss,mem_loss,mnl_loss,rum_loss,mccm_loss,lcmnl_loss,indep_loss
0,20,61.53966735409856,133.92081244912936,258.73448733860766,56.72417047365815,218.294740398033,101.2961493749643,4117.0
1,30,55.56751457368426,125.37178632160116,239.65208090505715,51.58548384097283,197.5367008767401,82.87728809065273,4020.333333333334
2,40,49.85118598590888,116.19557840836056,214.2251705968598,47.358653972826815,166.09407171195954,85.9059997408115,3890.3333333333344
3,50,37.0145953489372,93.71084346727447,172.00714634660872,34.168606620422004,83.97285285126334,66.43212028770141,3742.333333333334
4,60,31.294444969913982,80.10867085699553,142.6487306687985,29.65017361178846,68.13677906497716,55.98112767251194,3654.333333333334
5,75,30.078566637127146,75.56440314453825,141.80505870454337,29.499937604869093,57.89474856288252,55.96697832511506,3607.0000000000014
6,100,30.07856663712713,74.84381270425182,134.51851345611254,29.499937604869043,50.39194207637842,55.97959578291686,3575.0000000000005
