,offertimes,collection_size,mnl_kl_loss,mnl_kl_loss_se,mnl_kl_time,mnl_kl_time_se
0,20,29,0.0048099436207664735,0.0006767363609198817,0.2519699764251709,0.004540609579522553
1,30,24,0.0026555549598191158,0.0006373948858210941,0.26413229942321775,0.004406852809557087
2,40,19,0.003997475582724695,0.0008694553598456107,0.2565003299713135,0.00435966520134982
3,50,15,0.0024596073722569713,0.0004815686764003176,0.26386792182922364,0.0069250416194384
4,60,13,0.0020916681338534206,0.0005167522627588196,0.2658029317855835,0.005345641954653987
