,Unnamed: 0,offertimes,collection_size,mnl_kl_loss,mnl_kl_loss_se,mnl_kl_time,mnl_kl_time_se,mnl_rep_approx
0,0,20,29,0.004809943620766474,0.0006767363609198817,0.2519699764251709,0.004540609579522553,0.0
1,1,30,24,0.002655554959819116,0.0006373948858210941,0.2641322994232177,0.0044068528095570865,0.0
2,2,40,19,0.003997475582724695,0.0008694553598456108,0.2565003299713135,0.00435966520134982,0.0
3,3,50,15,0.0024596073722569713,0.0004815686764003176,0.26386792182922364,0.0069250416194384,0.0
4,4,60,13,0.0020916681338534206,0.0005167522627588197,0.2658029317855835,0.005345641954653987,0.0
