,offertimes,collection_size,mnl_kl_loss,mnl_kl_loss_se,mnl_kl_time,mnl_kl_time_se
0,20,29,0.0048099436207664735,0.0006767363609198817,0.2519699764251709,0.004540609579522553
1,30,24,0.0027436036122472506,0.0006608721133141206,0.2652709186077118,0.004514185951732265
2,40,19,0.0036564636761676826,0.0008352543391307308,0.2559998631477356,0.0045248296872399865
3,50,15,0.002477138103771855,0.000491077415890832,0.26412249098018725,0.0070616883833246385
4,60,13,0.00224719790560477,0.0005929369386366107,0.264903839244399,0.005008637636321757
