,product_size,mdm_mean_oss,mnl_loss_se,mdm_mean_runtime,mdm_runtime_se
0,5,0.28196711717029077,0.021402691847768125,0.00999603271484375,0.0006689641118147628
1,10,0.07899109868928016,0.011447387542896141,0.004974753856658936,0.0002481797646943327
2,15,0.03334050128522981,0.006996741009176801,0.0038058137893676757,0.00017340525821554997
3,20,0.025111557828314857,0.006672516256558262,0.0032716155052185058,0.00011381417661438233
4,25,0.024139867561645312,0.008033651574979336,0.003128507137298584,0.0001198116305626377
5,30,0.0104651608263505,0.003695374442115711,0.0029050564765930177,7.556940524832908e-05
