,offertimes,mdm_rep,mdm_rep_runtime,total_mdm_loss,total_mdm_loss_se,avg_mdm_loss,avg_mdm_loss_se,avg_mdm_limit_runtime
0,20,0.0,0.0004388284683227539,35.089511037577836,1.0298031959683502,0.0045838681956339436,0.00013452687079926196,97.73074289321899
1,30,0.0,0.00047186374664306643,27.217377295021407,0.9740424466819543,0.0036150056176147438,0.00012937208748598145,5.358291940689087
2,40,0.0,0.00043271064758300783,18.46586198065447,0.8702348254694512,0.002508607795225441,0.00011822236455229606,0.8367005825042725
3,50,0.0,0.0003010988235473633,11.8903509254526,0.8929156678361806,0.001653734481982281,0.00012418854907318225,0.20167475700378418
4,60,0.0,0.000253148078918457,8.507299581673156,0.8259312617082656,0.001201256648075848,0.00011662401323189292,0.06889123439788819
