,offertimes,collection_size,mccm_kl_loss,mccm_kl_loss_se,mccm_kl_time,mccm_kl_time_se
0,20,29,0.0001677800816146091,3.1701000707194117e-05,17.382457346916198,3.299271406492901
1,30,24,9.851409107113883e-05,3.159374807949678e-05,11.33853710691134,1.4530573107173712
2,40,19,4.8831154262555035e-05,1.4024698459721722e-05,14.251626978317896,3.1672939642134925
3,50,15,1.9671350798871825e-05,1.2609743533400445e-05,19.602408282610835,3.1215550675551604
4,60,13,1.5451120695589487e-05,7.5623175516165115e-06,10.323783297871435,1.4389064139477818
