,offertimes,collection_size,mccm_rep
0,20,29,0.1
1,30,24,0.25
2,40,19,0.4375
3,50,15,0.7142857142857143
4,60,13,0.7674418604651163
