,offertimes,train_size,test_size,infeas_prop,avg_lb_dist,avg_lb_best_rev_diff,avg_lb_runtime,rum_actual_runtime
0,20,24,5,0.06,3.0638297872340425,0.09989194869464375,2.0304451485897634,89.88921014400239
1,30,20,4,0.0,1.52,0.10555906197999039,1.6848916041851043,76.25239129900932
2,40,16,3,0.0,0.8,0.09669491681971694,1.4291484912236532,66.12344275156656
3,50,12,3,0.0,0.86,0.09851680194358348,1.2125009791056316,55.720892271995545
4,60,11,2,0.0,0.18,0.07020854895724854,1.1797372317314148,53.5692601442337
