,offertime,mdm,rum,mnl,mccm,lcmnl
0,20,3.163043478260869,2.8152173913043477,3.2065217391304346,2.945652173913043,2.869565217391304
1,30,2.8000000000000003,2.95,3.44,2.91,2.9000000000000004
2,40,2.9800000000000004,3.12,3.2,2.7800000000000002,2.92
3,50,2.92,3.01,3.1500000000000004,2.81,3.1100000000000003
4,60,2.9299999999999997,3.13,3.0799999999999996,2.8799999999999994,2.9799999999999995
