,offertime,mdm,rum,mnl,mccm,lcmnl
0,20,2.880434782608696,3.402173913043478,3.6195652173913047,2.717391304347826,2.380434782608696
1,30,2.46,3.12,3.5,3.1100000000000003,2.81
2,40,3.0900000000000003,3.3,3.1900000000000004,2.66,2.7600000000000002
3,50,2.97,3.16,3.1999999999999997,2.54,3.1300000000000003
4,60,2.9299999999999997,3.13,3.0799999999999996,2.8799999999999994,2.9799999999999995
