,offertimes,mdm_kl_loss,mdm_kl_loss_se,mdm_kl_time,mdm_kl_time_se
0,15,1.0517487545756431e-05,3.3123712032399226e-06,0.4089031505584717,0.0422973413396385
1,20,1.6238698276475036e-07,1.6065015347306157e-07,0.017628289283590115,0.01221278280566326
2,30,1.1778907595316746e-06,1.166052360986548e-06,0.007813968658447266,0.0076144149593365485
3,40,0.0,0.0,0.00010048866271972657,3.5210557246214066e-06
4,50,0.0,0.0,8.306026458740234e-05,3.7981622081502285e-06
