,Unnamed: 0,offertimes,collection_size,mdm_rep,mdm_rep_time,mdm_rep_time_se,mdm_rep_approx
0,0,15,30,0.34,0.0006610727310180664,0.00031171041439666584,0.66
1,1,20,21,0.96,0.00013321876525878906,6.233308860282566e-06,0.98
2,2,30,16,0.98,0.00012642383575439453,7.2255913887511365e-06,0.98
3,3,40,11,1.0,0.00010048866271972657,3.5210557246214066e-06,1.0
4,4,50,7,1.0,8.306026458740234e-05,3.798162208150229e-06,1.0
