,offertimes,collection_size,total_mdm_kl_loss,total_mdm_kl_loss_se,avg_mdm_kl_loss,avg_mdm_kl_loss_se,mdm_kl_time,mdm_kl_time_se
0,15,30,0.01570260890582176,0.004945370206437601,1.0517487545756431e-05,3.3123712032399226e-06,0.4089031505584717,0.0422973413396385
1,20,21,0.00020484793101786637,0.00020278908014679002,1.5264376379886535e-07,1.5110959772435616e-07,0.016578874588012694,0.01149503500605935
2,30,16,0.001432315163590374,0.0014179196709595016,1.1778907595316746e-06,1.166052360986548e-06,0.007813968658447266,0.0076144149593365485
3,40,11,0.0,0.0,0.0,0.0,0.00010048866271972657,3.5210557246214066e-06
4,50,7,0.0,0.0,0.0,0.0,8.306026458740234e-05,3.7981622081502285e-06
