,offertimes,collection_size,mdm_1norm_loss,mdm_1norm_loss_se,mdm_1norm_time,mdm_1norm_time_se
0,15,30,0.06792234840000014,0.017633771993850484,0.065400390625,0.007812693154777551
1,20,21,0.004994719999999997,0.004944520534979299,0.0009930562973022462,0.0006365286692082533
2,30,16,0.025415999999999984,0.025160556330892193,0.0006326055526733399,0.0005052606563676809
3,40,11,0.0,0.0,0.00010048866271972657,3.5210557246214066e-06
4,50,7,0.0,0.0,8.306026458740234e-05,3.7981622081502285e-06
