,offertimes,collection_size,total_mdm_kl_loss,total_mdm_kl_loss_se,avg_mdm_kl_loss,avg_mdm_kl_loss_se,mdm_kl_time,mdm_kl_time_se
0,20,29,0.03251014026770463,0.006444958795074667,4.246915776322524e-06,8.419279941314248e-07,1.0144118928909303,0.04359857096726244
1,30,24,0.017304781413959063,0.003999059894146611,2.298416976225237e-06,5.311541896864927e-07,0.6096302652359009,0.019473055004891444
2,40,19,0.007027060776663347,0.001536810184246743,9.546339867794185e-07,2.087773650644505e-07,0.31883500576019286,0.034262493248200826
3,50,15,0.005237263692706619,0.0027009106382646295,7.284094148407583e-07,3.7564821116339157e-07,0.23876091003417968,0.035393647382807605
4,60,13,0.0014233986340877892,0.0005218023840824848,2.009882284803588e-07,7.368008812230745e-08,0.13923765659332277,0.02701638720809862
