,offertimes,collection_size,mdm_1norm_loss,mdm_1norm_loss_se,mdm_1norm_time,mdm_1norm_time_se
0,20,29,0.569077805999996,0.0632597433891123,0.49639872550964353,0.042883647062081906
1,30,24,0.35614339019999824,0.04489037510356782,0.1705029249191284,0.01299808477846024
2,40,19,0.17118753620000013,0.029265242816099563,0.04736020565032959,0.0049597779460666845
3,50,15,0.09321518460000025,0.021639665967244842,0.01564875602722168,0.0021359775053453696
4,60,13,0.06198747180000007,0.019262901719400257,0.007491698265075683,0.0014105214397338271
