,offertimes,collection_size,mdm_rep
0,20,29,0.34
1,30,24,0.574468085106383
2,40,19,0.7291666666666666
3,50,15,0.8723404255319149
4,60,13,0.9318181818181818
