,offertimes,collection_size,mdm_rep,mdm_rep_time,mdm_rep_time_se,mdm_rep_approx
0,20,29,0.0,0.000628514289855957,0.000238880114692533,0.34
1,30,24,0.02,0.00040773391723632814,1.0349386343253142e-05,0.54
2,40,19,0.34,0.0003102827072143555,1.4922231791678477e-05,0.72
3,50,15,0.48,0.00020290374755859374,1.4469882582808395e-05,0.88
4,60,13,0.64,0.0001555299758911133,8.876324942314886e-06,0.92
