,offertimes,collection_size,mdm_kl_loss,mdm_kl_loss_se,mdm_kl_time,mdm_kl_time_se
0,20,29,4.246915776322524e-06,8.419279941314248e-07,1.0144118928909303,0.04359857096726244
1,30,24,2.1393368897480693e-06,5.506697494171063e-07,0.610482966646235,0.020600818160727202
2,40,19,9.542181130355043e-07,2.1561121014464734e-07,0.3180326720078786,0.03426812671868971
3,50,15,7.646593166574411e-07,3.989546392873907e-07,0.2407891699608336,0.03605862087247501
4,60,13,1.9103625041215866e-07,7.63440049599046e-08,0.15039167620918967,0.029463263515137846
