,offertimes,mnl_rep,mnl_rep_runtime,total_mnl_loss,total_mnl_loss_se,avg_mnl_loss,avg_mnl_loss_se,avg_mnl_limit_runtime
0,20,0.0,0.00012158393859863281,224.47731197455664,4.160795680217115,0.0293242732821106,0.0005435396055149727,0.24232845306396483
1,30,0.0,0.00023202419281005858,203.88879637798323,4.06191092509428,0.02708046173170185,0.0005395020487573755,0.2321109104156494
2,40,0.0,0.0003558731079101563,177.42534265110885,3.871055676791511,0.02410342924210146,0.0005258871996728042,0.2764552545547485
3,50,0.0,0.0003108501434326172,146.7504990256367,3.144146064111727,0.020410361477835426,0.00043729430655239595,0.252706356048584
4,60,0.0,0.0002962779998779297,127.05927005595213,2.821488886117732,0.017941156460879994,0.00039840283622108615,0.2370181131362915
