,offertimes,collection_size,mnl_rep,mnl_rep_time,mnl_rep_time_se
0,20,29,0.0,0.0043095207214355466,0.00030346446390523067
1,30,24,0.0,0.00328704833984375,6.553857461997595e-05
2,40,19,0.0,0.0030106306076049805,5.897957666130071e-05
3,50,15,0.0,0.002559065818786621,5.386168624778105e-05
4,60,13,0.0,0.0023982763290405274,3.596638723150238e-05
