,offertimes,collection_size,mnl_kl_loss,mnl_kl_loss_se,mnl_kl_time,mnl_kl_time_se
0,20,29,0.00047426979128699863,6.789009123725132e-05,0.22929503440856933,0.0029345983296628
1,30,24,0.00043027441997707695,4.745959884967482e-05,0.22447140216827394,0.0011728451270652603
2,40,19,0.00040214907809322576,4.10565388128879e-05,0.22358798503875732,0.0004946667918274871
3,50,15,0.0003666086185777639,3.6154184932601174e-05,0.22470801830291748,0.001309129573468469
4,60,13,0.00028211424115849983,2.788156480857352e-05,0.22409347534179688,0.0011146479256221164
