,offertimes,collection_size,mnl_kl_loss,mnl_kl_loss_se,mnl_kl_time,mnl_kl_time_se
0,20,29,0.00047426979128699863,6.789009123725132e-05,0.22929503440856933,0.0029345983296628
1,30,24,0.0004215282623488196,4.8955022815955744e-05,0.22445343910379612,0.0012474989431400356
2,40,19,0.0003975312945398435,4.258615637100968e-05,0.22354049483935037,0.0005138794814944239
3,50,15,0.0003678864987996628,3.7390266979284295e-05,0.22482581848793842,0.0013891020949075245
4,60,13,0.0002768953965257382,2.883452993984443e-05,0.2241627032106573,0.0012642336416620397
