,offertimes,avg_mem_dist,avg_mem_best_rev_diff,avg_mem_pred_runtime
0,20,2.38,0.09043516027393565,0.4074926862716674
1,30,1.42,0.11902011467898994,0.4111181628704071
2,40,0.54,0.03255146626676062,0.39828122138977057
3,50,0.72,0.09672646720237493,0.38096717357635496
4,60,0.2,0.053269667778775204,0.40203124046325683
