,offertimes,avg_mnl_dist,avg_mnl_best_rev_diff,avg_mnl_pred_runtime
0,20,3.48,0.11000138810561877,0.225604790687561
1,30,2.3,0.1742288266942448,0.22331069707870482
2,40,1.36,0.21363850015874208,0.23924337863922118
3,50,0.94,0.1571763980174616,0.24114274183909098
4,60,0.4,0.1342182219433804,0.25396099090576174
