,offertimes,collection_size,max_quanity,max_percentage(%)
0,20,29,0.03298611111111111,4.347826086956522
1,30,24,0.0244140625,3.125
2,40,19,0.01875,2.5
3,50,15,0.014609765474817378,1.9607843137254901
4,60,13,0.010247271107150813,1.4925373134328357
5,75,12,0.009040105193951348,1.282051282051282
6,100,11,0.006828824141519251,0.8130081300813009
