,offertimes,train_size,test_size,avg_lb_dist,avg_ub_dist,avg_lb_best_rev_diff,avg_ub_best_rev_diff,avg_lb_runtime,avg_ub_runtime
0,20,24,5,1.68,1.56,0.0660806113254719,0.0536297099236509,0.00459496021270752,0.004435577392578125
1,30,20,4,0.8,0.76,0.03609925345281454,0.04478077469039322,0.004574666023254395,0.004017103910446167
2,40,16,3,0.52,0.6,0.06336680885934688,0.08272185068331776,0.004832526842753093,0.004118773142496745
3,50,12,3,0.52,0.38,0.06892108018385099,0.027818236837648364,0.0033319282531738287,0.002986954053243001
4,60,11,2,0.16,0.14,0.028605039947736416,0.02176874319870767,0.003510327339172363,0.0029842686653137208
