,offertimes,collection_size,lcmnl5_kl_loss,lcmnl5_kl_loss_se,lcmnl5_kl_time,lcmnl5_kl_time_se
0,15,30,0.00010019879787705855,3.207103602967564e-05,28.511546092033385,0.44648171013938937
1,20,21,1.3219015657484068e-06,8.351209719993475e-07,29.600659322738647,1.1260733704925319
2,30,16,9.48961692009087e-06,6.8412405340093755e-06,30.668233885765076,0.9853692612235377
3,40,11,1.2840485279008163e-05,6.703214788903616e-06,27.604571924209594,0.4582423452024465
4,50,7,1.102436036829968e-05,6.002581594107063e-06,26.98101348400116,0.9929209946166987
