,offertimes,avg_lcmnl_dist,avg_lcmnl_best_rev_diff,avg_lcmnl_pred_runtime
0,20,2.12,0.09157451665644277,47.469597477912906
1,30,1.56,0.1154967746332958,42.0378973197937
2,40,0.58,0.05015305304002906,42.97916410923004
3,50,0.84,0.11991598259481759,43.56470536231995
4,60,0.22,0.06668230294266611,42.560169644355774
